title,link,salary,company,area,update_time,exp_title
成人英语教师,/jobs_view_91226.html,面议,卓越教育集团,广东-广州,2019/08/13,不限/不限
公共英语考证班教师,/jobs_view_117289.html,面议,卓越教育集团,广东-广州,2019/08/13,不限/不限
少儿英语老师-昂立教育,/jobs_view_424708.html,6K-8K/月,太仓昂立教育培训中心有限公司,江苏-苏州-太仓市,2019/08/13,不限/大学本科以上
双休英语教师（佛山顺德容桂朝阳中心）,/jobs_view_405861.html,5K-10K/月,树童教育集团,广东-佛山-顺德区,2019/08/13,两年以上/大学本科以上
英语老师（东莞胜和分校）,/jobs_view_401920.html,8K-12K/月,树童教育集团,广东-东莞,2019/08/13,一年以上/大学本科以上
树童英语佛山桂城分校高薪急聘英语老师,/jobs_view_375880.html,5K-8K/月,树童教育集团,广东-佛山-南海区,2019/08/13,两年以上/大专以上
双休英语教师（佛山顺德容桂荟景中心）,/jobs_view_417297.html,6K-12K/月,树童教育集团,广东-佛山-顺德区,2019/08/13,两年以上/大学本科以上
英语教师,/jobs_view_423278.html,4K-8K/月,广州沃迩德教育科技有限公司,广东-广州-越秀区,2019/08/13,不限/大学本科以上
5K急招少儿英语老师有社保,/jobs_view_472127.html,5K-10K/月,昂立国际教育东莞西平校区,广东-东莞,2019/08/13,一年以上/大专以上
幼儿英语教师,/jobs_view_456521.html,4K-8K/月,爱星诺教育,广东-惠州-惠阳区,2019/08/10,不限/不限
小学英语教师,/jobs_view_461499.html,5K-8K/月,深圳市楷荣教育有限公司,广东-深圳-龙岗区,2019/08/10,三年以上/大学本科
温州鹿城校区诚聘幼儿少儿英语老师,/jobs_view_451814.html,4K-8K/月,温州市洪恩教育信息咨询有限公司,浙江-温州,2019/08/08,不限/大专以上
幼少儿英语老师,/jobs_view_452333.html,4.5K-9K/月,爱贝国际少儿英语,浙江-台州-温岭市,2019/07/26,不限/大专以上
高中英语(含雅思)教师,/jobs_view_472244.html,9W-18W/年,成都市金牛区天一学校,四川-成都,2019/08/13,三年以上/大学本科以上
少儿英语教师（温江）,/jobs_view_444921.html,4K-7K/月,成都嘉祥九思培训学校,四川-成都-温江区,2019/08/13,两年以上/大学本科以上
英语学科主任,/jobs_view_417457.html,10K-15K/月,卓越教育集团-优学事业部-佛山分校,广东-佛山-禅城区,2019/08/13,不限/大学本科以上
少儿英语老师,/jobs_view_411568.html,5K-10K/月,深圳市千秋胜文化发展有限公司,广东-深圳-宝安区,2019/08/13,一年以上/大专以上
高中英语老师,/jobs_view_411569.html,6K-12K/月,深圳市千秋胜文化发展有限公司,广东-深圳-宝安区,2019/08/13,一年以上/大学本科以上
小学英语教师,/jobs_view_408292.html,5W-10W/年,温岭市成智文化教育培训学校,浙江-台州,2019/08/13,不限/大专
少儿英语教师,/jobs_view_477211.html,6K-8K/月,宁海县昂立教育培训学校,浙江-宁波-宁海县,2019/08/13,不限/大专以上
幼少儿英语教师,/jobs_view_477216.html,6K-8K/月,宁海县昂立教育培训学校,浙江-宁波-宁海县,2019/08/13,不限/大专以上
英语中教老师,/jobs_view_470833.html,4K-8K/月,嘉禾县百树教育培训有限公司,湖南-郴州-嘉禾县,2019/08/13,不限/大学本科以上
公共英语考证班教师,/jobs_view_117289.html,面议,卓越教育集团,广东-广州,2019/08/13,不限/不限
全职英语教师,/jobs_view_117291.html,面议,卓越教育集团,广东-广州,2019/08/13,不限/不限
英语助教老师,/jobs_view_470839.html,2K-4K/月,嘉禾县百树教育培训有限公司,湖南-郴州-嘉禾县,2019/08/13,不限/不限
英语老师,/jobs_view_442418.html,6K-10K/月,广州市白云区达达培训中心有限公司,广东-广州-白云区,2019/08/13,不限/大学本科以上
小学英语老师,/jobs_view_442428.html,6K-10K/月,广州市白云区达达培训中心有限公司,广东-广州-白云区,2019/08/13,不限/大学本科以上
英语幼教,/jobs_view_442429.html,6K-10K/月,广州市白云区达达培训中心有限公司,广东-广州-白云区,2019/08/13,不限/大学本科以上
幼少儿英语教师,/jobs_view_279244.html,3K-8K/月,台州市椒江区环球语言培训学校,浙江-台州-椒江区,2019/08/13,不限/大专以上
兼职英语电话教学,/jobs_view_279246.html,2K-2.5K/月,台州市椒江区环球语言培训学校,浙江-台州-椒江区,2019/08/13,不限/不限
英语教师（人工智能+老师）,/jobs_view_455866.html,8K-15K/月,松鼠ai智适应教育,上海-徐汇区,2019/08/13,不限/大学本科以上
少儿英语口语老师/教师,/jobs_view_402536.html,4K-6K/月,广州市明师教育服务股份有限公司,广东-广州-越秀区,2019/08/13,不限/大学本科
*急*资深英语老师,/jobs_view_385516.html,5K-10K/月,深圳市阅洋文化传播有限公司,广东-深圳-龙岗区,2019/08/13,两年以上/大学本科以上
少儿英语老师,/jobs_view_405760.html,5K-10K/月,深圳市阅洋文化传播有限公司,广东-深圳-龙岗区,2019/08/13,两年以上/大学本科以上
新概念英语教师,/jobs_view_456905.html,6K-10K/月,苏州工业园区恩培培训中心,江苏-苏州,2019/08/13,一年以上/大学本科以上
少儿英语老师+包吃住,/jobs_view_477099.html,6K-12K/月,江西省痴老师教育咨询有限公司,江西-南昌,2019/08/13,一年以上/大学本科以上
泡泡少儿英语教师,/jobs_view_370943.html,6K-8K/月,新东方教育集团珠海学校,广东-珠海-香洲区,2019/08/13,不限/大学本科以上
苏州少儿英语教师（LF）,/jobs_view_447455.html,7K-10K/月,万行猎头K12RPO,江苏-苏州,2019/08/13,一年以上/大专以上
新概念英语教师,/jobs_view_451828.html,8K-12K/月,义乌韶华英语,浙江-金华-义乌市,2019/08/13,不限/不限
小学英语教师,/jobs_view_402344.html,6K-12K/月,义乌韶华英语,浙江-金华-义乌市,2019/08/13,不限/大学本科
高薪聘中小学英语教师,/jobs_view_197240.html,8K-12K/月,北京新智起点教育,北京-石景山区,2019/08/13,不限/大专以上
青少儿英语老师（番禺广场分校）,/jobs_view_387287.html,10K-13K/月,树童教育集团,广东-广州-番禺区,2019/08/13,一年以上/大专以上
英语教师（南城西平文鼎分校）,/jobs_view_384056.html,8K-10K/月,树童教育集团,广东-东莞,2019/08/13,一年以上/大专以上
急聘小学英语教师（东莞厚街树童英语）,/jobs_view_386632.html,5K-8K/月,树童教育集团,广东-东莞,2019/08/13,不限/大学本科
全职英语教师,/jobs_view_117291.html,面议,卓越教育集团,广东-广州,2019/08/13,不限/不限
全职英语教师（黄埔）,/jobs_view_121121.html,面议,卓越教育集团,广东-广州,2019/08/13,不限/大专
少儿英语老师（南海桂城）,/jobs_view_375881.html,5K-8K/月,树童教育集团,广东-佛山-南海区,2019/08/13,两年以上/大专以上
急聘幼儿小学英语老师（花都校区),/jobs_view_406082.html,6K-10K/月,树童教育集团,广东-广州-花都区,2019/08/13,两年以上/大专以上
少儿英语老师(同济校区),/jobs_view_380955.html,4K-6K/月,树童教育集团,广东-佛山-禅城区,2019/08/13,不限/大专以上
诚聘英语教师（深圳坪山御景分校）,/jobs_view_367142.html,8K-15K/月,树童教育集团,广东-深圳,2019/08/13,不限/大学本科以上
英语教师（惠州麦地海博校区）,/jobs_view_362603.html,5K-10K/月,树童教育集团,广东-惠州-惠城区,2019/08/13,不限/大专以上
急聘英语老师（中山石岐分校）双休,/jobs_view_385281.html,6K-10K/月,树童教育集团,广东-中山,2019/08/13,不限/大专以上
少儿英语教师（福州鼓楼中心）,/jobs_view_391383.html,5K-10K/月,树童教育集团,广东,2019/08/13,一年以上/大学本科
英语教师（深圳沙井中心）,/jobs_view_395302.html,8K-12K/月,树童教育集团,广东-深圳-宝安区,2019/08/13,一年以上/大学本科以上
少儿英语教师（宝安华盛盛荟校区）,/jobs_view_402238.html,6K-12K/月,树童教育集团,广东-深圳-宝安区,2019/08/13,不限/大学本科
初中英语老师,/jobs_view_376510.html,5K-10K/月,树童教育集团,广东-东莞,2019/08/13,不限/不限
小学英语教师（萝岗校区） ,/jobs_view_366536.html,8K-12K/月,树童教育集团,广东-广州-黄埔区,2019/08/13,两年以上/大学本科
英语老师（深圳香缤校区）,/jobs_view_401452.html,8K-12K/月,树童教育集团,广东-深圳-宝安区,2019/08/13,一年以上/大专以上
幼、小、中英语教师 （珠海文园校区） ,/jobs_view_410306.html,6K-8K/月,树童教育集团,广东-珠海-香洲区,2019/08/13,一年以上/大学本科以上
少儿英语教师（寮步分校）,/jobs_view_406476.html,8K-10K/月,树童教育集团,广东,2019/08/13,一年以上/大专
英语教师(深圳龙岗中心城）,/jobs_view_430319.html,6K-12K/月,树童教育集团,广东-深圳-龙岗区,2019/08/13,一年以上/大专以上
英语老师（深圳横岗分校）,/jobs_view_402974.html,8K-12K/月,树童教育集团,广东-深圳-龙岗区,2019/08/13,一年以上/大学本科
英语教师(宝安华盛盛荟校区),/jobs_view_401466.html,6K-10K/月,树童教育集团,广东-深圳-宝安区,2019/08/13,不限/大学本科以上
少儿英语老师（海珠区沙园分校）,/jobs_view_372538.html,10K-15K/月,树童教育集团,广东-广州-海珠区,2019/08/13,不限/大专以上
少儿英语老师（江门蓬江区、新会区）,/jobs_view_382718.html,6K-8K/月,树童教育集团,广东-江门-蓬江区,2019/08/13,一年以上/大学本科以上
小学英语老师（南山区）,/jobs_view_405866.html,8K-10K/月,树童教育集团,广东-深圳-南山区,2019/08/13,两年以上/大学本科
全职英语教师（黄埔）,/jobs_view_121121.html,面议,卓越教育集团,广东-广州,2019/08/13,不限/大专
教师招考研发编辑（英语）,/jobs_view_347127.html,8K-15K/月,北京中公教育科技股份有限公司,北京-海淀区,2019/08/13,不限/大学本科
英语教师（深圳宝安西乡中心）,/jobs_view_392865.html,8K-15K/月,树童教育集团,广东-深圳-宝安区,2019/08/13,一年以上/大学本科
英语教师（越秀五羊分校）,/jobs_view_391801.html,9K-15K/月,树童教育集团,广东,2019/08/13,一年以上/大学本科
英语教师(深圳龙岗布吉）,/jobs_view_410317.html,8K-10K/月,树童教育集团,广东-深圳-龙岗区,2019/08/13,一年以上/大专以上
急招英语教师（寮步校区）,/jobs_view_425608.html,8K-12K/月,树童教育集团,广东-东莞,2019/08/13,一年以上/大学本科
急招聘英语教师（天河骏景分校）,/jobs_view_387849.html,9K-15K/月,树童教育集团,广东-广州-天河区,2019/08/13,一年以上/大学本科
少儿英语老师（公园前分校）,/jobs_view_433224.html,8K-10K/月,树童教育集团,广东-广州-越秀区,2019/08/13,一年以上/大学本科以上
中小学英语教师（惠东树童）,/jobs_view_387831.html,6K-10K/月,树童教育集团,广东-惠州-惠东县,2019/08/13,不限/大专以上
少儿英语老师（北滘分校）,/jobs_view_414919.html,6K-10K/月,树童教育集团,广东-佛山-顺德区,2019/08/13,一年以上/大专以上
急招幼儿、小学英语教师（喜盈分校）,/jobs_view_387877.html,9K-18K/月,树童教育集团,广东-广州-番禺区,2019/08/13,一年以上/大专以上
急招幼儿、小学英语教师（番禺钟村分校）,/jobs_view_389359.html,9K-18K/月,树童教育集团,广东-广州-番禺区,2019/08/13,一年以上/大专以上
少儿英语老师,/jobs_view_473546.html,6K-8K/月,温州厚德教育,浙江-温州,2019/08/13,不限/大专
少儿英语教师,/jobs_view_411763.html,4.5K-6K/月,东莞市塘厦领克培训中心有限公司,广东-东莞,2019/08/13,不限/大专以上
高中英语老师,/jobs_view_448052.html,5K-10K/月,深圳市南山区学而乐教育培训中心,广东-深圳-南山区,2019/08/13,应届毕业生/大学本科
少儿英语教师,/jobs_view_425078.html,5K-8K/月,广州沃迩德教育科技有限公司,广东-广州-越秀区,2019/08/13,不限/大学本科以上
英语老师,/jobs_view_456444.html,6K-10K/月,骐玮教育,云南-昆明-官渡区,2019/08/13,五年以上/大学本科以上
高中英语老师,/jobs_view_469962.html,6K-10K/月,华商培训学校,广东-深圳-宝安区,2019/08/13,不限/硕士
年薪7万-10万诚聘少儿英语教师,/jobs_view_424904.html,7W-10W/年,东莞市黄江迈乐培训中心有限公司（热气球英语）,广东-东莞,2019/08/13,不限/大专
幼儿少儿英语老师,/jobs_view_450718.html,6K-8K/月,麦吉其邻教育科技有限公司,浙江-杭州-西湖区,2019/08/13,不限/大学本科以上
高薪急聘少儿英语老师,/jobs_view_371760.html,4.5K-7K/月,杭州爱思奥教育咨询有限公司,浙江-杭州-萧山区,2019/08/13,一年以上/大学本科
成人英语老师（兼职）沙井,/jobs_view_457613.html,2K-4K/月,深圳市达闻科教实业发展有限公司,广东-深圳,2019/08/13,一年以上/大专以上
教师招考研发编辑（英语）,/jobs_view_347127.html,8K-15K/月,北京中公教育科技股份有限公司,北京-海淀区,2019/08/13,不限/大学本科
少儿英语教师,/jobs_view_459381.html,5K-10K/月,成都艺朗教育,四川-成都-新都区,2019/08/13,不限/大学本科
幼少儿英语老师（泸州）,/jobs_view_410926.html,5K-8K/月,成都才立方教育科技有限公司,四川-泸州-龙马潭区,2019/08/13,不限/大学本科以上
幼少儿英语老师（资阳）,/jobs_view_410928.html,5K-8K/月,成都才立方教育科技有限公司,四川-资阳-雁江区,2019/08/13,不限/大学本科以上
幼少儿英语老师（雅安）,/jobs_view_410934.html,5K-8K/月,成都才立方教育科技有限公司,四川-雅安-雨城区,2019/08/13,不限/大学本科以上
幼少儿英语老师（金堂）,/jobs_view_410927.html,5K-8K/月,成都才立方教育科技有限公司,四川-成都-金堂县,2019/08/13,不限/大学本科以上
幼少儿英语老师（眉山）,/jobs_view_410929.html,5K-8K/月,成都才立方教育科技有限公司,四川-眉山-东坡区,2019/08/13,不限/大学本科以上
幼少儿英语老师（宜宾）,/jobs_view_410932.html,5K-8K/月,成都才立方教育科技有限公司,四川-宜宾-翠屏区,2019/08/13,不限/大学本科以上
急聘少儿英语教师,/jobs_view_461857.html,4K-6K/月,安徽艺朝艺夕教育咨询有限公司,安徽-合肥-庐阳区,2019/08/13,不限/大学本科以上
少儿英语老师,/jobs_view_339438.html,4K-6K/月,安徽艺朝艺夕教育咨询有限公司,安徽-合肥-庐阳区,2019/08/13,不限/大学本科以上
少儿英语老师,/jobs_view_408616.html,3K-6K/月,陕西锦程思源教育科技有限公司,陕西-西安-阎良区,2019/08/13,不限/大专以上
少儿英语教师,/jobs_view_414761.html,3K-6K/月,陕西锦程思源教育科技有限公司,陕西-西安-阎良区,2019/08/13,不限/大专以上
小学英语教师,/jobs_view_160459.html,面议,成都格林威教育咨询有限公司,四川-成都,2019/08/13,一年以上/大专以上
少儿英语教师,/jobs_view_171527.html,2.5K-5K/月,成都市郫县好爸爸英语培训中心,四川-成都-郫县,2019/08/13,一年以上/大学本科
少儿英语教师（山姆大叔少儿英语）,/jobs_view_465641.html,5K-8K/月,杭州耒来教育有限责任公司,浙江-杭州-余杭区,2019/08/13,一年以上/大学本科以上
招聘初中英语教师,/jobs_view_430153.html,3.5K-6.5K/月,励掘教育,安徽-阜阳-临泉县,2019/08/13,一年以上/大学本科
少儿英语老师,/jobs_view_472629.html,5K-10K/月,合肥贝倍优课外培训学校有限公司,安徽-合肥,2019/08/13,不限/不限
英语老师,/jobs_view_417704.html,5K-8K/月,昆明五华韦博英语培训学校,云南-昆明-五华区,2019/08/13,不限/大学本科以上
Full Time ESL English Teachers ,/jobs_view_417707.html,11K-13K/月,昆明五华韦博英语培训学校,云南-昆明-五华区,2019/08/13,不限/大学本科以上
英语教师,/jobs_view_469101.html,5K-10K/月,麦田国际教育,广东-深圳-南山区,2019/08/13,不限/大学本科以上
少儿英语教师,/jobs_view_330096.html,6K-10K/月,昆山市彩虹英语,江苏-苏州-昆山市,2019/08/13,一年以上/大学本科以上
幼儿英语老师,/jobs_view_421827.html,5K-10K/月,瑞思（贵阳）学科英语,贵州-贵阳-观山湖区,2019/08/13,不限/大学本科以上
少儿英语老师,/jobs_view_421828.html,5K-10K/月,瑞思（贵阳）学科英语,贵州-贵阳-观山湖区,2019/08/13,不限/大学本科以上
幼少儿英语老师（金堂）,/jobs_view_411209.html,5K-8K/月,成都维乐迪互动教育科技有限公司,四川-成都-金堂县,2019/08/13,不限/大学本科以上
幼少儿英语老师（龙泉）,/jobs_view_411214.html,5K-8K/月,成都维乐迪互动教育科技有限公司,四川-成都-龙泉驿区,2019/08/13,不限/大学本科以上
幼少儿英语老师（泸州）,/jobs_view_411208.html,5K-8K/月,成都维乐迪互动教育科技有限公司,四川-成都,2019/08/13,不限/大学本科以上
幼少儿英语老师（资阳）,/jobs_view_411211.html,5K-8K/月,成都维乐迪互动教育科技有限公司,四川-成都,2019/08/13,不限/大学本科以上
英语/幼儿教师,/jobs_view_450605.html,6W-8W/年,广州市增城区凤凰城幼儿园,广东-广州-增城区,2019/08/13,两年以上/大专以上
英语老师,/jobs_view_473465.html,6K-12K/月,丽水市景程口语培训学校,浙江-丽水-莲都区,2019/08/13,一年以上/大学本科以上
少儿英语老师,/jobs_view_423188.html,4K-7K/月,海口斯诺威培训中心,海南-海口-龙华区,2019/08/13,一年以上/大专以上
高中英语老师,/jobs_view_227267.html,6K-10K/月,广州博仕堂教育科技有限公司,广东-广州,2019/08/13,不限/大学本科以上
少儿英语老师,/jobs_view_453777.html,6K-8K/月,义乌美忻教育集团,浙江-金华-义乌市,2019/08/13,不限/大专以上
成人英语老师线上兼职老师,/jobs_view_427249.html,9K-18K/月,杭州四域文化创意有限公司,浙江-杭州-余杭区,2019/08/13,一年以上/大学本科以上
商务英语老师线上兼职老师,/jobs_view_427245.html,9K-18K/月,杭州四域文化创意有限公司,浙江-杭州-余杭区,2019/08/13,一年以上/大学本科以上
新概念英语老师线上兼职老师,/jobs_view_427246.html,9K-18K/月,杭州四域文化创意有限公司,浙江-杭州-余杭区,2019/08/13,一年以上/大学本科以上
基础英语老师线上兼职老师,/jobs_view_427244.html,9K-18K/月,杭州四域文化创意有限公司,浙江-杭州-余杭区,2019/08/13,一年以上/大学本科以上
少儿英语老师线上兼职老师,/jobs_view_427247.html,9K-18K/月,杭州四域文化创意有限公司,浙江-杭州-余杭区,2019/08/13,一年以上/大学本科以上
其它各类专业英语老师线上兼职老师,/jobs_view_427250.html,9K-18K/月,杭州四域文化创意有限公司,浙江-杭州-余杭区,2019/08/13,一年以上/大学本科以上
少儿英语教师-采荷,/jobs_view_413256.html,10K-15K/月,杭州孔怀培训学校有限公司,浙江-杭州-江干区,2019/08/13,一年以上/大学本科以上
少儿英语教师,/jobs_view_445509.html,4.5K-6K/月,成都市温江区阳光英语学校,四川-成都,2019/08/13,一年以上/大学本科以上
急聘英语教学助理,/jobs_view_467434.html,3K-6K/月,同育教育科技有限公司,江苏-苏州-吴江区,2019/08/13,一年以上/大专以上
幼儿英语老师,/jobs_view_408783.html,3K-6K/月,同育教育科技有限公司,江苏-苏州-吴江区,2019/08/13,一年以上/大专以上
全职英语老师,/jobs_view_408784.html,5K-10K/月,同育教育科技有限公司,江苏-苏州-吴江区,2019/08/13,两年以上/大专以上
拙趣英语少儿英语老师,/jobs_view_475693.html,8W-16W/年,杭州市上城区兰馨学社教育培训学校,浙江-杭州,2019/08/13,不限/大学本科
中高考英语教师,/jobs_view_468111.html,6W-10W/年,华中师范大学海南附属中学,海南-海口,2019/08/13,两年以上/大学本科以上
小学英语教师,/jobs_view_455628.html,6K-12K/月,深圳市美加澳文化传播有限公司,广东-深圳-龙岗区,2019/08/13,一年以上/大专以上
英语老师,/jobs_view_448094.html,6K-12K/月,深圳市美加澳文化传播有限公司,广东-深圳-龙岗区,2019/08/13,一年以上/大专以上
少儿英语教师,/jobs_view_455627.html,6K-12K/月,深圳市美加澳文化传播有限公司,广东-深圳-龙岗区,2019/08/13,一年以上/大专以上
雅思托福,/jobs_view_472957.html,10K-15K/月,武汉市武昌区韦博国际英语培训学校,湖北-武汉-武昌区,2019/08/13,不限/大学本科以上
英语老师,/jobs_view_467224.html,6K-10K/月,武汉市武昌区韦博国际英语培训学校,湖北-武汉-武昌区,2019/08/13,一年以上/大学本科以上
少儿英语老师,/jobs_view_417969.html,6K-12K/月,英皇时代教育,广东-惠州-惠城区,2019/08/13,应届毕业生/大专以上
全职英语教师,/jobs_view_117291.html,面议,卓越教育集团,广东-广州,2019/08/13,不限/不限
全职英语教师（黄埔）,/jobs_view_121121.html,面议,卓越教育集团,广东-广州,2019/08/13,一年以上/大专以上
公共英语考证班教师,/jobs_view_117289.html,面议,卓越教育集团,广东-广州,2019/08/13,一年以上/不限
成人英语教师,/jobs_view_91226.html,面议,卓越教育集团,广东-广州,2019/08/13,不限/不限
幼少儿小学英语老师（东莞市东城区）,/jobs_view_399177.html,5K-10K/月,上海交通大学昂立教育集团东莞分校,广东-东莞,2019/08/13,不限/大专以上
小学英语教师（东城）,/jobs_view_397341.html,4K-8K/月,上海交通大学昂立教育集团东莞分校,广东-东莞,2019/08/13,不限/大专以上
年薪10万优秀少儿英语老师（东莞市东城区）,/jobs_view_398468.html,6K-10K/月,上海交通大学昂立教育集团东莞分校,广东-东莞,2019/08/13,不限/大学本科以上
小学英语老师（民盈国贸中心校区）,/jobs_view_399189.html,4K-8K/月,上海交通大学昂立教育集团东莞分校,广东-东莞,2019/08/13,不限/大专以上
上海交通大学昂立英语少儿英语老师 幼儿英语老师（包住宿）,/jobs_view_398470.html,5K-10K/月,上海交通大学昂立教育集团东莞分校,广东-东莞,2019/08/13,不限/大专以上
小学英语老师（东莞）,/jobs_view_397654.html,8W-15W/年,上海交通大学昂立教育集团东莞分校,广东-东莞,2019/08/13,三年以上/大学本科以上
上海交大昂立教育 小学英语老师（东莞市东城区&寮步镇）,/jobs_view_399179.html,5K-10K/月,上海交通大学昂立教育集团东莞分校,广东-东莞,2019/08/13,不限/大专以上
少儿英语机构 执行校长,/jobs_view_399191.html,8K-15K/月,上海交通大学昂立教育集团东莞分校,广东-东莞,2019/08/13,不限/大专以上
小学英语老师（寮步镇）,/jobs_view_399186.html,5K-10K/月,上海交通大学昂立教育集团东莞分校,广东-东莞,2019/08/13,不限/大专以上
专业少儿英语教师(石龙）,/jobs_view_397343.html,4K-8K/月,上海交通大学昂立教育集团东莞分校,广东-东莞,2019/08/13,不限/大专以上
小学英语老师（东莞石龙）包住宿,/jobs_view_399178.html,4K-8K/月,上海交通大学昂立教育集团东莞分校,广东-东莞,2019/08/13,不限/大专以上
小学英语老师（万江）,/jobs_view_399184.html,4K-8K/月,上海交通大学昂立教育集团东莞分校,广东-东莞,2019/08/13,不限/大专以上
上海交大昂立外语招英语老师（下桥花园城）,/jobs_view_399188.html,4K-8K/月,上海交通大学昂立教育集团东莞分校,广东-东莞,2019/08/13,不限/大专以上
幼少儿英语老师（万江）,/jobs_view_389344.html,4K-8K/月,上海交通大学昂立教育集团东莞分校,广东-东莞,2019/08/13,不限/大专以上
培训机构小学英语老师（厚街）,/jobs_view_397309.html,4K-8K/月,上海交通大学昂立教育集团东莞分校,广东-东莞,2019/08/13,不限/大专以上
少儿英语老师（厚街）,/jobs_view_399181.html,4K-8K/月,上海交通大学昂立教育集团东莞分校,广东-东莞,2019/08/13,不限/大专以上
幼少儿英语老师（塘厦）,/jobs_view_397644.html,4K-8K/月,上海交通大学昂立教育集团东莞分校,广东-东莞,2019/08/13,不限/大专以上
少儿英语老师（塘厦）,/jobs_view_399182.html,4K-8K/月,上海交通大学昂立教育集团东莞分校,广东-东莞,2019/08/13,不限/大专以上
少儿英语老师,/jobs_view_421992.html,6K-8K/月,昆山科迪语言培训有限公司,江苏-苏州-昆山市,2019/08/13,不限/大专以上
英语老师,/jobs_view_408709.html,6K-8K/月,昆山科迪语言培训有限公司,江苏-苏州-昆山市,2019/08/13,不限/大专以上
少儿英语老师,/jobs_view_476637.html,5K-10K/月,成都巨风现代教育中心,四川-成都-郫县,2019/08/13,不限/不限
英语在线支持/翻译,/jobs_view_476649.html,5K-10K/月,成都巨风现代教育中心,四川-成都-郫县,2019/08/13,不限/不限
国内考试教师-考研英语,/jobs_view_425008.html,8K-15K/月,北京新东方,北京-海淀区,2019/08/13,不限/硕士以上
出国考试教师-英语学习VIP,/jobs_view_424993.html,8K-15K/月,北京新东方,北京-海淀区,2019/08/13,不限/大学本科以上
英语教研专员（少儿）（杭州）,/jobs_view_380502.html,8K-15K/月,万行保到岗,浙江-杭州,2019/08/13,不限/大学本科以上
少儿英语教研老师(杭州滨江),/jobs_view_368919.html,6K-10K/月,万行保到岗,浙江-杭州-滨江区,2019/08/13,一年以上/大学本科以上
少儿英语老师(RS),/jobs_view_387979.html,6K-9K/月,万行保到岗,上海,2019/08/13,不限/大学本科以上
3--12英语老师（上 海RS）,/jobs_view_373337.html,6K-9K/月,万行保到岗,上海,2019/08/13,不限/大学本科以上
上海招聘少儿英语教师（RS）,/jobs_view_400009.html,8K-15K/月,万行保到岗,上海,2019/08/13,不限/大学本科以上
少儿英语教研专员（杭州）,/jobs_view_380611.html,8K-15K/月,万行保到岗,浙江-杭州-西湖区,2019/08/13,不限/大学本科以上
上海3-12少儿英语老师（RS）,/jobs_view_400014.html,8K-15K/月,万行保到岗,上海,2019/08/13,不限/大学本科以上
少儿英语教师（上海地区RS）,/jobs_view_400011.html,8K-15K/月,万行保到岗,上海,2019/08/13,不限/大学本科以上
教研专员（少儿英语）（杭州）,/jobs_view_380608.html,8K-15K/月,万行保到岗,浙江-杭州-建德市,2019/08/13,不限/大学本科以上
资深少儿英语老师（储备主管方向）,/jobs_view_428667.html,10K-15K/月,万行保到岗,上海-浦东新区,2019/08/13,三年以上/大学本科以上
上海少儿英语（RS）,/jobs_view_400012.html,8K-15K/月,万行保到岗,上海,2019/08/13,不限/大学本科以上
少儿英语老师,/jobs_view_401778.html,6K-10K/月,万行保到岗,浙江-杭州,2019/08/13,不限/大学本科
上海地区招聘少儿英语老师（RS）,/jobs_view_400015.html,8K-15K/月,万行保到岗,上海,2019/08/13,不限/大学本科以上
少儿英语老师（上海RS）,/jobs_view_377875.html,6K-9K/月,万行保到岗,上海-闵行区,2019/08/13,不限/大学本科以上
小学英语教师,/jobs_view_80767.html,2K-4K/月,永康启迪文化培训中心,浙江-金华-永康市,2019/08/13,不限/大专
幼少儿英语教师,/jobs_view_420636.html,5K-8K/月,萧山区知新业余学校,浙江-杭州-萧山区,2019/08/13,一年以上/大学本科
教师招考研发编辑（英语）,/jobs_view_347127.html,8K-15K/月,北京中公教育科技股份有限公司,北京-海淀区,2019/08/13,不限/大学本科以上
少儿英语精英教师,/jobs_view_407857.html,8K-12K/月,东莞市为乐培训中心有限公司,广东-东莞,2019/08/13,不限/不限以上
少儿英语老师,/jobs_view_430391.html,4.5K-8K/月,广州艾雯思教育信息咨询有限公司,广东-广州-番禺区,2019/08/13,不限/大专以上
高中英语老师,/jobs_view_430389.html,6K-12K/月,广州艾雯思教育信息咨询有限公司,广东-广州,2019/08/13,不限/大学本科以上
初中英语老师,/jobs_view_284105.html,6K-12K/月,广州艾雯思教育信息咨询有限公司,广东-广州,2019/08/13,不限/大学本科以上
少儿英语教师,/jobs_view_461276.html,6K-8K/月,安徽学田教育科技有限公司,安徽-合肥,2019/08/13,一年以上/大学本科以上
英语教师,/jobs_view_440377.html,5K-10K/月,成都欧文英语,四川-成都-锦江区,2019/08/13,一年以上/大学本科以上
幼少儿英语老师,/jobs_view_440330.html,5K-10K/月,成都欧文英语,四川-成都-锦江区,2019/08/13,一年以上/大学本科以上
少儿英语老师+包吃住,/jobs_view_460526.html,5K-8K/月,南通市通州区昂立外语培训中心,江苏-南通-通州区,2019/08/13,不限/大学本科以上
课程顾问,/jobs_view_455297.html,8K-16K/月,优瑞英语庆春校区,浙江-杭州-上城区,2019/08/13,不限/大专以上
小初高英语老师,/jobs_view_424738.html,6K-12K/月,广州柠檬树外语教育咨询有限公司,广东-广州-花都区,2019/08/13,不限/大专以上
英语教师,/jobs_view_453515.html,5K-10K/月,米笑英语,广东-广州-花都区,2019/08/13,一年以上/大学本科以上
初级英语老师,/jobs_view_380459.html,5K-10K/月,米笑英语,广东-广州-花都区,2019/08/13,一年以上/大学本科以上
外语老师,/jobs_view_380456.html,5K-10K/月,米笑英语,广东-广州-花都区,2019/08/13,一年以上/大学本科以上
少儿英语老师,/jobs_view_380458.html,5K-10K/月,米笑英语,广东-广州-花都区,2019/08/13,一年以上/大学本科以上
高中英语老师,/jobs_view_422409.html,8K-16K/月,优立中学教育,安徽-合肥-包河区,2019/08/12,两年以上/不限
少儿英语教师,/jobs_view_310624.html,3K-5K/月,浙江省义乌市晨阳教育,浙江-金华-义乌市,2019/08/12,不限/大专以上
高薪聘请少儿英语教师,/jobs_view_433834.html,6K-10K/月,深圳疯狂的狮子文化传播有限公司,广东-深圳,2019/08/12,一年以上/大专以上
高薪聘请少儿英语老师,/jobs_view_433835.html,6K-10K/月,深圳疯狂的狮子文化传播有限公司,广东-深圳-龙岗区,2019/08/12,一年以上/大专以上
急聘少儿英语教师,/jobs_view_433832.html,10K-15K/月,深圳疯狂的狮子文化传播有限公司,广东-深圳,2019/08/12,一年以上/大专以上
少儿英语教师,/jobs_view_433830.html,10K-15K/月,深圳疯狂的狮子文化传播有限公司,广东-深圳,2019/08/12,一年以上/大专以上
少儿英语老师,/jobs_view_433833.html,10K-15K/月,深圳疯狂的狮子文化传播有限公司,广东-深圳,2019/08/12,一年以上/大专以上
英语老师,/jobs_view_360483.html,6K-10K/月,乐清市乐成富迪教育培训中心（沃尔得国际英语）,浙江-温州-乐清市,2019/08/12,不限/大学本科
英语老师（文学）,/jobs_view_429511.html,15W-30W/年,深圳欧美新导航国际教育,广东-深圳-福田区,2019/08/12,不限/大学本科以上
寒假兼职英语助教,/jobs_view_415230.html,3K-4K/月,深圳欧美新导航国际教育,广东-深圳-福田区,2019/08/12,不限/大学本科以上
兼职初高中英语老师,/jobs_view_398372.html,5K-10K/月,深圳欧美新导航国际教育,广东-深圳-福田区,2019/08/12,一年以上/大学本科以上
中学英语教师,/jobs_view_363003.html,8K-15K/月,深圳欧美新导航国际教育,广东-深圳-福田区,2019/08/12,不限/大学本科以上
剑桥少儿英语老师合作经营，助你当老板,/jobs_view_468708.html,10K-20K/月,东莞市赏与识教育咨询服务有限公司,广东-东莞,2019/08/12,不限/大专
少儿英语教师,/jobs_view_471929.html,4.5K-9K/月,南京长跑兔教育培训中心,江苏-南京-江宁区,2019/08/12,一年以上/大专以上
英语老师,/jobs_view_471919.html,4.5K-9K/月,南京长跑兔教育培训中心,江苏-南京-江宁区,2019/08/12,一年以上/大专以上
英语老师,/jobs_view_403296.html,8K-15K/月,环球博雅少儿英语,北京-朝阳区,2019/08/12,一年以上/大专以上
英语老师实习生,/jobs_view_403297.html,3K-6K/月,环球博雅少儿英语,北京-朝阳区,2019/08/12,不限/大专以上
教务,/jobs_view_441060.html,4K-8K/月,环球博雅少儿英语,北京-朝阳区,2019/08/12,不限/不限
少儿英语老师,/jobs_view_416003.html,8K-15K/月,环球博雅少儿英语,北京-朝阳区,2019/08/12,一年以上/大专以上
幼儿英语老师,/jobs_view_416001.html,8K-15K/月,环球博雅少儿英语,北京-朝阳区,2019/08/12,一年以上/大专以上
上海少儿英语教师,/jobs_view_448784.html,8K-10K/月,万行猎头K12语培岗,上海,2019/08/12,不限/大专
少儿英语老师（口语）,/jobs_view_415488.html,8K-12K/月,上海洛基英语,上海-松江区,2019/08/12,不限/大学本科以上
雅思托福在线兼职英语老师,/jobs_view_441034.html,5K-7K/月,上海洛基英语,上海-松江区,2019/08/12,一年以上/大学本科
线上英语兼职老师,/jobs_view_441027.html,4K-6K/月,上海洛基英语,上海-松江区,2019/08/12,两年以上/大学本科
成人英语老师,/jobs_view_400093.html,6K-10K/月,上海洛基英语,上海-松江区,2019/08/12,不限/大学本科以上
少儿英语教师,/jobs_view_419112.html,5K-10K/月,杭州市余杭区智优培训学校,浙江-杭州,2019/08/12,一年以上/大学本科
英语老师-黄石,/jobs_view_443868.html,5K-8K/月,黄石市欢乐堡奇尔培训学校,湖北-黄石-黄石港区,2019/08/12,应届毕业生/大专
成人英语老师,/jobs_view_420036.html,6K-10K/月,宁海县利得斯外国语学校,浙江-宁波-宁海县,2019/08/12,不限/大专以上
幼儿英语老师/教师 幸福指数行业内领先,/jobs_view_465334.html,4K-6K/月,江苏南通百分百学校,江苏-南通-崇川区,2019/08/12,不限/大专以上
少儿英语教师,/jobs_view_440961.html,8K-15K/月,领智教育,湖北-武汉-江夏区,2019/08/12,一年以上/大学本科以上
急聘少儿英语教师,/jobs_view_445022.html,8K-15K/月,领智教育,湖北-武汉-江夏区,2019/08/12,一年以上/大学本科以上
英语助教实习生,/jobs_view_457721.html,2.5K-4K/月,领智教育,湖北-武汉-江夏区,2019/08/12,不限/大学本科以上
英语助教,/jobs_view_469848.html,4K-6K/月,广东启信教育服务有限公司,广东-广州-天河区,2019/08/12,不限/大学本科
雅思/托福/SAT/英语教师 ,/jobs_view_439147.html,8K-13K/月,广东启信教育服务有限公司,广东-广州,2019/08/12,不限/大学本科以上
少儿英语培训教师,/jobs_view_312400.html,4K-8K/月,金华市新青年文化补习学校,浙江-金华-婺城区,2019/08/12,不限/大专以上
少儿英语培训销售岗位,/jobs_view_451692.html,8K-15K/月,金华市新青年文化补习学校,浙江-金华-婺城区,2019/08/12,不限/大专
少儿英语教师,/jobs_view_475594.html,4K-8K/月,成都市三原外国语学校,四川-成都-武侯区,2019/08/12,三年以上/大专以上
英语教师（雅思、托福教师）,/jobs_view_430312.html,8W-10W/年,新东方东莞学校,广东-东莞,2019/08/12,五年以上/大学本科以上
少儿英语教师,/jobs_view_444756.html,5K-7K/月,邛崃市嘉顿教育咨询有限公司,四川-成都-邛崃市,2019/08/12,不限/大学本科以上
英语老师,/jobs_view_462334.html,5K-10K/月,成都艾佛仕企业管理咨询有限公司,四川-成都-郫县,2019/08/12,不限/大专以上
英语老师,/jobs_view_455804.html,8.33K-10K/月,东莞市虎门汇英学校,广东-东莞,2019/08/11,不限/大学本科
少儿英语老师（高薪诚聘）,/jobs_view_450581.html,8K-12K/月,上海玺鸣数字科技有限公司,上海-浦东新区,2019/08/11,一年以上/大学本科以上
英语教师实习生,/jobs_view_450586.html,3.5K-6K/月,上海玺鸣数字科技有限公司,上海-浦东新区,2019/08/11,不限/大学本科以上
幼少儿英语教师/助教 English Teacher,/jobs_view_352077.html,5K-10K/月,昂立国际教育五常分校,浙江-杭州-余杭区,2019/08/11,不限/大学本科以上
少儿英语教师,/jobs_view_352351.html,5K-10K/月,昂立国际教育五常分校,浙江-杭州-余杭区,2019/08/11,不限/不限
实习生3名（在读大四英语专业、英语教育专业）,/jobs_view_375485.html,4K-8K/月,广州外国语学校,广东-广州-南沙区,2019/08/11,应届毕业生/大学本科以上
急招少儿英语老师,/jobs_view_411443.html,4K-8K/月,吴川市兜兜文化艺术培训部,广东-湛江-吴川市,2019/08/11,一年以上/大专以上
少儿英语,/jobs_view_405758.html,4K-8K/月,吴川市兜兜文化艺术培训部,广东-湛江-吴川市,2019/08/11,一年以上/大专以上
少儿英语主教,/jobs_view_387396.html,5K-10K/月,三亚百家争鸣文化教育发展有限公司,海南-三亚-吉阳区,2019/08/11,不限/大专以上
少儿英语助教,/jobs_view_378685.html,5K-10K/月,三亚百家争鸣文化教育发展有限公司,海南-三亚-吉阳区,2019/08/11,不限/大专以上
英语教学主管,/jobs_view_405292.html,6K-10K/月,成都佳绩教育咨询有限公司,四川-成都,2019/08/11,三年以上/大学本科
大学英语教师,/jobs_view_453478.html,2K-4K/月,广州精才英教育信息咨询有限公司,广东-广州-荔湾区,2019/08/11,不限/大学本科以上
小学英语教师,/jobs_view_456519.html,4K-8K/月,爱星诺教育,广东-惠州-惠阳区,2019/08/10,不限/不限
英语老师,/jobs_view_456497.html,4K-8K/月,爱星诺教育,广东-惠州-惠阳区,2019/08/10,不限/不限
初中英语教师,/jobs_view_460973.html,6K-12K/月,深圳市楷荣教育有限公司,广东-深圳-龙岗区,2019/08/10,三年以上/大学本科以上
高中英语教师,/jobs_view_461500.html,8K-12K/月,深圳市楷荣教育有限公司,广东-深圳-龙岗区,2019/08/10,三年以上/大学本科
（包住）英语培训/英语教师,/jobs_view_355566.html,4K-6K/月,惠州市惠城区英哲教育,广东-惠州-惠城区,2019/08/10,不限/大专以上
英语老师,/jobs_view_476164.html,6K-8K/月,深圳市汉知文化传播有限公司,广东-深圳,2019/08/09,不限/不限
英语老师（兼职）,/jobs_view_476162.html,2K-4K/月,深圳市汉知文化传播有限公司,广东-深圳,2019/08/09,不限/不限
小学英语教师（高薪诚聘包住）,/jobs_view_455402.html,6K-11K/月,合肥市易晟培训学校有限公司,安徽-合肥-包河区,2019/08/09,一年以上/大专以上
少儿英语教师,/jobs_view_476133.html,5K-9K/月,昂立教育金华分校,浙江-金华-婺城区,2019/08/09,不限/大学本科以上
剑桥国际少儿英语老师,/jobs_view_476108.html,4.5K-9K/月,杭州马丁教育,浙江-杭州-西湖区,2019/08/09,不限/大学本科以上
【诚聘】新概念初中英语老师,/jobs_view_394172.html,4.5K-9K/月,杭州马丁教育,浙江-杭州-西湖区,2019/08/09,不限/大学本科以上
初中英语老师 英语教师,/jobs_view_393329.html,4.5K-9K/月,杭州马丁教育,浙江-杭州-西湖区,2019/08/09,不限/大学本科以上
英语口语测试老师,/jobs_view_447921.html,6K-10K/月,苏州睿才教育科技有限公司,江苏-苏州,2019/08/09,一年以上/大学本科以上
在线兼职英语老师（视频授课）,/jobs_view_447935.html,3K-5K/月,苏州睿才教育科技有限公司,江苏-苏州,2019/08/09,一年以上/大学本科以上
龙岗平湖英语老师,/jobs_view_461945.html,7K-14K/月,深圳书城培训中心南山校区,广东-深圳-龙岗区,2019/08/09,不限/大专以上
新概念英语老师（双休）,/jobs_view_472268.html,5K-10K/月,常州育才培训学校,江苏-常州-钟楼区,2019/08/09,不限/大学本科以上
高薪诚聘少儿英语老师,/jobs_view_471660.html,8K-10K/月,南京清沙文化艺术培训有限公司,江苏-南京,2019/08/09,一年以上/大学本科以上
少儿英语老师,/jobs_view_471659.html,8K-10K/月,南京清沙文化艺术培训有限公司,江苏-南京,2019/08/09,一年以上/大学本科以上
英语老师（少儿英语，总部培训）,/jobs_view_453316.html,6K-12K/月,北京优博瑞思教育科技有限公司,北京-西城区,2019/08/09,不限/大学本科
高中英语老师,/jobs_view_465002.html,5K-8K/月,武汉新纪元外语培训学校,湖北-武汉-汉阳区,2019/08/09,一年以上/大专
清华少儿英语助教（提供免费住宿）,/jobs_view_126000.html,4K-8K/月,乐清市柳市小荧星艺校（永嘉县瓯北镇嘉欣才艺培训学校）,浙江-温州,2019/08/09,不限/大专以上
清华少儿英语教师（提供免费住宿）,/jobs_view_125999.html,4K-8K/月,乐清市柳市小荧星艺校（永嘉县瓯北镇嘉欣才艺培训学校）,浙江-温州,2019/08/09,不限/大专以上
全职少儿英语老师,/jobs_view_452504.html,6K-8K/月,上海普陀区学立方教育培训中心,上海-普陀区,2019/08/08,一年以上/大学本科以上
少儿英语老师,/jobs_view_458986.html,7K-14K/月,北京炫烨辉煌教育咨询有限公司,北京-通州区,2019/08/08,不限/大学本科以上
少儿英语老师（全英授课）,/jobs_view_458988.html,7K-14K/月,北京炫烨辉煌教育咨询有限公司,北京-通州区,2019/08/08,不限/大学本科以上
高中英语老师兼职,/jobs_view_473159.html,6K-8K/月,广州东旺教育科技有限公司,广东-广州-天河区,2019/08/08,一年以上/大学本科
瑞安塘下校区急聘少儿英语老师,/jobs_view_451942.html,4K-8K/月,温州市洪恩教育信息咨询有限公司,浙江-温州-瑞安市,2019/08/08,不限/大专以上
温州瓯海校区诚聘幼儿少儿英语老师,/jobs_view_451940.html,4K-8K/月,温州市洪恩教育信息咨询有限公司,浙江-温州,2019/08/08,不限/大专以上
温州鹿城校区急聘少儿英语教师,/jobs_view_451813.html,4K-8K/月,温州市洪恩教育信息咨询有限公司,浙江-温州-鹿城区,2019/08/08,不限/大专
温州瓯海校区诚聘少儿英语教师,/jobs_view_451939.html,4K-8K/月,温州市洪恩教育信息咨询有限公司,浙江-温州-瓯海区,2019/08/08,不限/大专以上
瑞安校区诚聘少儿英语教师,/jobs_view_451941.html,4K-8K/月,温州市洪恩教育信息咨询有限公司,浙江-温州,2019/08/08,不限/大专
少儿英语老师,/jobs_view_475616.html,5K-8K/月,北京本先教育科技有限公司,北京-顺义区,2019/08/08,不限/大学本科以上
托福雅思英语教师,/jobs_view_456178.html,10W-20W/年,北京新英才学校,北京-顺义区,2019/08/08,四年以上/大学本科以上
中小学英语教师,/jobs_view_456177.html,10W-20W/年,北京新英才学校,北京-顺义区,2019/08/08,不限/硕士
英语助理,/jobs_view_176402.html,2K-3.5K/月,广州睿馨教育服务有限公司,广东-广州,2019/08/08,不限/大专以上
英语老师（出国留学培训）,/jobs_view_426536.html,6K-10K/月,杭州优朗教育咨询有限公司,浙江-杭州-拱墅区,2019/08/08,两年以上/大学本科以上
急招少儿英语老师,/jobs_view_414785.html,6K-12K/月,广州市增城麦克文化中心,广东-广州,2019/08/08,不限/不限
少儿英语教师,/jobs_view_414784.html,6K-12K/月,广州市增城麦克文化中心,广东-广州,2019/08/08,不限/不限
少儿英语老师,/jobs_view_414783.html,6K-12K/月,广州市增城麦克文化中心,广东-广州,2019/08/08,不限/不限
少儿英语教师,/jobs_view_416210.html,5K-10K/月,杭州佳嘉教育咨询有限公司（启明星阅读馆）,浙江-杭州-下城区,2019/08/08,不限/大学本科以上
少儿英语老师,/jobs_view_416230.html,5K-10K/月,杭州佳嘉教育咨询有限公司（启明星阅读馆）,浙江-杭州-下城区,2019/08/08,不限/大学本科以上
英语老师,/jobs_view_416229.html,5K-10K/月,杭州佳嘉教育咨询有限公司（启明星阅读馆）,浙江-杭州-下城区,2019/08/08,不限/大学本科以上
英语教师（非全职）,/jobs_view_429956.html,10K-15K/月,深圳市玉诚教育科技有限公司,广东-深圳-福田区,2019/08/08,不限/硕士以上
英语教师（全职）,/jobs_view_429953.html,10K-15K/月,深圳市玉诚教育科技有限公司,广东-深圳-福田区,2019/08/08,不限/硕士以上
少儿英语老师/学管师-五羊校区,/jobs_view_411201.html,3K-6K/月,广州林西教育咨询有限公司（凌顿少儿定制英语）,广东-广州-越秀区,2019/08/08,一年以上/大专以上
高薪少儿英语老师-南沙校区,/jobs_view_411199.html,3K-6K/月,广州林西教育咨询有限公司（凌顿少儿定制英语）,广东-广州-南沙区,2019/08/08,一年以上/大专以上
学管师/少儿英语老师-五羊校区,/jobs_view_410800.html,3K-6K/月,广州林西教育咨询有限公司（凌顿少儿定制英语）,广东-广州-越秀区,2019/08/08,一年以上/大专以上
少儿英语老师-五羊校区,/jobs_view_411023.html,3K-6K/月,广州林西教育咨询有限公司（凌顿少儿定制英语）,广东-广州-越秀区,2019/08/08,一年以上/大学本科以上
少儿英语老师/学管师-南沙校区,/jobs_view_411198.html,3K-6K/月,广州林西教育咨询有限公司（凌顿少儿定制英语）,广东-广州-南沙区,2019/08/08,一年以上/大专以上
学管师/少儿英语老师-南沙校区,/jobs_view_410795.html,3K-6K/月,广州林西教育咨询有限公司（凌顿少儿定制英语）,广东-广州-南沙区,2019/08/08,一年以上/大专以上
高薪少儿英语老师-五羊校区,/jobs_view_411203.html,3K-6K/月,广州林西教育咨询有限公司（凌顿少儿定制英语）,广东-广州-越秀区,2019/08/08,一年以上/大专以上
少儿英语老师-南沙校区,/jobs_view_411024.html,3K-6K/月,广州林西教育咨询有限公司（凌顿少儿定制英语）,广东-广州-南沙区,2019/08/08,一年以上/大专以上
高薪招聘英语老师,/jobs_view_439394.html,5K-8K/月,杭州富阳东崎教育咨询有限公司,浙江-杭州-富阳区,2019/08/08,不限/大学本科以上
高薪诚聘成人英语老师,/jobs_view_439396.html,5K-8K/月,杭州富阳东崎教育咨询有限公司,浙江-杭州-富阳区,2019/08/08,不限/大学本科以上
高薪招聘英语教师,/jobs_view_402656.html,5K-7K/月,杭州富阳东崎教育咨询有限公司,浙江-杭州-富阳区,2019/08/08,一年以上/大学本科
急聘成人英语老师,/jobs_view_439395.html,5K-8K/月,杭州富阳东崎教育咨询有限公司,浙江-杭州-富阳区,2019/08/08,不限/大学本科以上
少儿英语教师,/jobs_view_427607.html,4K-8K/月,优加青少英语,辽宁-沈阳-铁西区,2019/08/08,不限/大学本科以上
英语教师,/jobs_view_427608.html,4K-8K/月,优加青少英语,辽宁-沈阳-铁西区,2019/08/08,不限/大学本科以上
雅思英语老师,/jobs_view_415311.html,4K-8K/月,常州市万得教育科技有限公司(拓雅英语),江苏-常州-天宁区,2019/08/08,不限/大学本科
托福英语老师,/jobs_view_415312.html,4K-8K/月,常州市万得教育科技有限公司(拓雅英语),江苏-常州-天宁区,2019/08/08,不限/大学本科
幼儿英语老师,/jobs_view_416308.html,4K-8K/月,扬州新希望教育培训中心,江苏-扬州-邗江区,2019/08/08,不限/大学本科以上
初中英语教师,/jobs_view_416307.html,4K-8K/月,扬州新希望教育培训中心,江苏-扬州-邗江区,2019/08/08,不限/大学本科以上
新概念英语老师,/jobs_view_416439.html,3K-6K/月,扬州新希望教育培训中心,江苏-扬州-广陵区,2019/08/08,不限/大学本科以上
少儿英语老师,/jobs_view_416309.html,4K-8K/月,扬州新希望教育培训中心,江苏-扬州-邗江区,2019/08/08,不限/大学本科以上
青少英语老师,/jobs_view_416415.html,3K-6K/月,扬州新希望教育培训中心,江苏-扬州-广陵区,2019/08/08,不限/大学本科以上
英语老师,/jobs_view_416211.html,4K-8K/月,扬州新希望教育培训中心,江苏-扬州-邗江区,2019/08/08,不限/大学本科以上
少儿英语老师,/jobs_view_419123.html,6K-10K/月,常熟市七颗星英语培训中心,江苏-苏州-常熟市,2019/08/08,两年以上/大学本科以上
雅思托福英语教师,/jobs_view_413211.html,6K-12K/月,新通教育（海曙分中心）（江东分中心）（舟山分公司）,浙江-宁波-海曙区,2019/08/08,不限/大学本科以上
雅思英语老师,/jobs_view_413304.html,6K-12K/月,新通教育（海曙分中心）（江东分中心）（舟山分公司）,浙江-宁波-海曙区,2019/08/08,不限/大学本科以上
少儿英语教师,/jobs_view_421169.html,3K-5K/月,南京莱培特文化传播有限公司,江苏-南京-栖霞区,2019/08/08,不限/大专以上
高薪诚聘少儿英语老师,/jobs_view_421170.html,3K-5K/月,南京莱培特文化传播有限公司,江苏-南京-栖霞区,2019/08/08,不限/大专以上
高薪诚聘小学英语教师,/jobs_view_421171.html,3K-5K/月,南京莱培特文化传播有限公司,江苏-南京-栖霞区,2019/08/08,不限/大专以上
急聘幼儿英语教师,/jobs_view_447958.html,6W-10W/年,重庆九龙坡区童乐村艺体培训学校,重庆-九龙坡区,2019/08/08,不限/大专
幼少儿英语教师,/jobs_view_417404.html,6W-10W/年,重庆九龙坡区童乐村艺体培训学校,重庆-九龙坡区,2019/08/08,不限/大专
幼儿英语老师,/jobs_view_417431.html,6W-10W/年,重庆九龙坡区童乐村艺体培训学校,重庆-九龙坡区,2019/08/08,不限/大专
急聘少儿英语教师,/jobs_view_447959.html,6W-10W/年,重庆九龙坡区童乐村艺体培训学校,重庆-九龙坡区,2019/08/08,不限/大专
少儿英语老师,/jobs_view_417432.html,6W-10W/年,重庆九龙坡区童乐村艺体培训学校,重庆-九龙坡区,2019/08/08,不限/大专
新概念英语老师,/jobs_view_414791.html,4K-7K/月,托马斯学习馆（温岭市尚逸文化教育培训学校有限公司）,浙江-台州,2019/08/08,不限/大学本科
初中新概念英语老师,/jobs_view_415223.html,4K-7K/月,托马斯学习馆（温岭市尚逸文化教育培训学校有限公司）,浙江-台州,2019/08/08,不限/大学本科
少儿英语老师,/jobs_view_415229.html,4K-7K/月,托马斯学习馆（温岭市尚逸文化教育培训学校有限公司）,浙江-台州,2019/08/08,不限/大学本科
少儿英语老师,/jobs_view_417664.html,5K-10K/月,杭州星佰唐文化创意有限公司（快乐起航）,浙江-杭州-拱墅区,2019/08/08,两年以上/大专以上
课程顾问,/jobs_view_415291.html,2.6K-5K/月,东莞大朗小新星国际少儿英语学校,广东-东莞,2019/08/07,不限/大专以上
校区管家,/jobs_view_417897.html,3K-6K/月,东莞大朗小新星国际少儿英语学校,广东-东莞,2019/08/07,不限/大专以上
英语精英培训师,/jobs_view_415885.html,12W-20W/年,东莞大朗小新星国际少儿英语学校,广东-东莞,2019/08/07,四年以上/大学本科以上
小学英语语法教师,/jobs_view_415548.html,4K-8K/月,东莞大朗小新星国际少儿英语学校,广东-东莞,2019/08/07,一年以上/大专以上
全职英语教师,/jobs_view_466602.html,10K-15K/月,深圳市海跃国际文化传播有限公司,广东-深圳,2019/08/07,不限/大学本科以上
英语教师,/jobs_view_466601.html,10K-15K/月,深圳市海跃国际文化传播有限公司,广东-深圳,2019/08/07,不限/大学本科以上
少儿英语教师,/jobs_view_466600.html,10K-15K/月,深圳市海跃国际文化传播有限公司,广东-深圳,2019/08/07,不限/大学本科以上
英语教师,/jobs_view_475172.html,4K-6K/月,西安云图尚品教育科技有限公司,陕西-西安,2019/08/07,不限/大学本科以上
英语老师,/jobs_view_475173.html,4K-6K/月,西安云图尚品教育科技有限公司,陕西-西安,2019/08/07,不限/大学本科以上
少儿英语教师,/jobs_view_475171.html,4K-6K/月,西安云图尚品教育科技有限公司,陕西-西安,2019/08/07,不限/大学本科以上
少儿英语老师,/jobs_view_475162.html,6K-8K/月,杭州英培家教育咨询有限公司,浙江-杭州-萧山区,2019/08/07,不限/大学本科以上
外教英语老师,/jobs_view_454014.html,5K-10K/月,重庆百乐语言培训学校,重庆,2019/08/07,一年以上/大学本科以上
少儿英语老师,/jobs_view_454012.html,4K-6K/月,重庆百乐语言培训学校,重庆,2019/08/07,一年以上/大学本科以上
新概念英语教师,/jobs_view_454476.html,10K-15K/月,北京江博教育文化交流有限公司,北京,2019/08/07,一年以上/大学本科以上
少儿英语老师,/jobs_view_449166.html,6K-8K/月,杭州迈乐教育,浙江-杭州-西湖区,2019/08/07,一年以上/大专以上
初中英语老师（包住）,/jobs_view_361884.html,6K-12K/月,优圣学堂,河北-廊坊-三河市,2019/08/07,不限/大学本科以上
高中英语老师（包住）,/jobs_view_361885.html,8K-16K/月,优圣学堂,河北-廊坊-三河市,2019/08/07,不限/大学本科以上
少儿英语教师+包住,/jobs_view_474096.html,5K-8K/月,莆田市学必达文教投资管理有限公司,福建-莆田,2019/08/07,不限/大学本科以上
少儿英语老师,/jobs_view_450945.html,8K-15K/月,卡巴青少儿科技活动中心,湖北-武汉,2019/08/07,一年以上/大学本科以上
少儿英语老师,/jobs_view_446936.html,6K-8K/月,抚顺市顺城区丹尼英语培训中心,海南-海口-龙华区,2019/08/07,一年以上/大学本科以上
成人出国英语口语老师,/jobs_view_446941.html,8K-10K/月,抚顺市顺城区丹尼英语培训中心,海南-海口-龙华区,2019/08/07,一年以上/大学本科以上
英语教师,/jobs_view_447003.html,4K-6K/月,抚顺市顺城区丹尼英语培训中心,海南-海口-龙华区,2019/08/07,一年以上/大学本科以上
英文老师（CT中教）,/jobs_view_447847.html,6K-9K/月,熙恒教育科技(上海)股份有限公司（海派乐青少儿英语,上海,2019/08/07,不限/大专以上
班主任/英语老师,/jobs_view_447848.html,6K-9K/月,熙恒教育科技(上海)股份有限公司（海派乐青少儿英语,上海,2019/08/07,不限/大专以上
行政前台兼助教,/jobs_view_447857.html,4.5K-6K/月,熙恒教育科技(上海)股份有限公司（海派乐青少儿英语,上海,2019/08/07,不限/中专以上
少儿英语老师,/jobs_view_450459.html,8K-10K/月,上海市小小地球教育培训有限公司,上海,2019/08/07,一年以上/大学本科
少儿英语教师（高期）,/jobs_view_449368.html,8K-16K/月,麦禾国际教育科技(北京)有限责任公司,北京,2019/08/07,一年以上/大学本科以上
英语助教,/jobs_view_448439.html,4K-6K/月,广州市启派教育有限公司,广东-广州-天河区,2019/08/07,一年以上/大专以上
英语老师,/jobs_view_448717.html,5K-8K/月,北京铭帆教育咨询有限公司（睿丁英语）,北京-房山区,2019/08/07,应届毕业生/大学本科以上
少儿英语老师,/jobs_view_448512.html,4K-8K/月,深圳藤星教育投资发展有限公司,广东-深圳-南山区,2019/08/07,不限/大学本科以上
少儿英语老师,/jobs_view_450722.html,10K-15K/月,深圳市璟华教育科技有限公司,广东-深圳,2019/08/07,三年以上/大专以上
小学英语老师,/jobs_view_452582.html,6K-8K/月,上海尚开文化交流有限公司,上海-闵行区,2019/08/07,一年以上/大专以上
少儿英语教学副校长,/jobs_view_452558.html,15K-20K/月,上海尚开文化交流有限公司,上海-闵行区,2019/08/07,三年以上/大学本科以上
少儿英语助教,/jobs_view_452581.html,6K-8K/月,上海尚开文化交流有限公司,上海-闵行区,2019/08/07,一年以上/大专以上
少儿英语老师,/jobs_view_452741.html,4K-8K/月,武汉欣艺宇文化传播有限公司,湖北-武汉-洪山区,2019/08/07,一年以上/大专以上
少儿英语老师（包吃住）,/jobs_view_453664.html,6K-8K/月,杭州萧山昕昕培训学校有限公司,浙江-杭州,2019/08/07,一年以上/大专以上
少儿英语老师,/jobs_view_456438.html,8K-10K/月,苏州市姑苏区爱佳文化培训中心,江苏-苏州-姑苏区,2019/08/07,一年以上/大学本科以上
雅思老师,/jobs_view_455810.html,8K-10K/月,新航道英语培训中心,广东-广州,2019/08/07,不限/大学本科以上
托福老师,/jobs_view_455809.html,8K-10K/月,新航道英语培训中心,广东-广州,2019/08/07,不限/大学本科以上
少儿英语老师，月均8K，双休，五险一金,/jobs_view_457837.html,6K-10K/月,北京赢心教育科技有限公司,北京-朝阳区,2019/08/07,不限/大学本科
月均8K诚聘青少儿英语老师,/jobs_view_457838.html,6K-10K/月,北京赢心教育科技有限公司,北京-朝阳区,2019/08/07,不限/大学本科
英语老师＋月均8-10Ｋ＋带薪年假＋五险一金,/jobs_view_457841.html,8K-10K/月,北京赢心教育科技有限公司,北京-朝阳区,2019/08/07,不限/大学本科
少儿英语老师,/jobs_view_460784.html,10K-15K/月,南京西文教育科技有限公司,江苏-南京,2019/08/07,不限/大学本科以上
少儿英语培训机构教学主管校长,/jobs_view_460775.html,15K-20K/月,南京西文教育科技有限公司,江苏-南京,2019/08/07,不限/大学本科以上
英语教师,/jobs_view_459263.html,5K-10K/月,慈佳教育培训咨询有限公司,广东-佛山,2019/08/07,不限/不限
诚聘少儿英语老师,/jobs_view_460757.html,4K-8K/月,武汉天才宝贝教育培训学校,湖北-武汉-江汉区,2019/08/07,不限/大学本科
英语老师,/jobs_view_448909.html,5K-8K/月,上海青外教育科技有限公司（青帆外语）,上海-青浦区,2019/08/07,不限/大专以上
企业商务英语教师,/jobs_view_464789.html,8K-10K/月,全息天下教育科技（北京）有限公司,北京-海淀区,2019/08/07,不限/大学本科
新概念英语教师,/jobs_view_464788.html,6K-8K/月,全息天下教育科技（北京）有限公司,北京-海淀区,2019/08/07,不限/大学本科
兼职雅思英语老师+包吃住,/jobs_view_466779.html,5K-10K/月,辽宁百家教育科技有限公司,辽宁-大连-沙河口区,2019/08/07,一年以上/大学本科以上
少儿英语老师,/jobs_view_466780.html,5K-10K/月,辽宁百家教育科技有限公司,辽宁-大连-沙河口区,2019/08/07,一年以上/大学本科以上
少儿英语部负责人,/jobs_view_466775.html,8K-10K/月,辽宁百家教育科技有限公司,辽宁-大连-沙河口区,2019/08/07,三年以上/大学本科以上
全职少儿英语老师+包住,/jobs_view_458650.html,6K-8K/月,苏州小跳蛙文化艺术培训有限公司,江苏-苏州-吴中区,2019/08/07,不限/大专以上
少儿英语老师,/jobs_view_458638.html,6K-8K/月,苏州小跳蛙文化艺术培训有限公司,江苏-苏州-吴中区,2019/08/07,不限/大专以上
全职少儿英语老师（包住）,/jobs_view_458448.html,6K-8K/月,苏州向上教育咨询有限公司,江苏-苏州,2019/08/07,不限/大学本科以上
少儿英语教学助理(包住）,/jobs_view_458447.html,6K-8K/月,苏州向上教育咨询有限公司,江苏-苏州,2019/08/07,不限/大学本科以上
少儿英语老师有专业培训,/jobs_view_458449.html,6K-8K/月,苏州向上教育咨询有限公司,江苏-苏州,2019/08/07,不限/大学本科以上
少儿英语老师,/jobs_view_469073.html,4K-6K/月,连云港市新东方教育培训有限公司,江苏-连云港,2019/08/07,不限/大学本科以上
少儿英语老师,/jobs_view_456920.html,6K-8K/月,南京苏优客文化交流有限公司,江苏-南京-浦口区,2019/08/07,一年以上/大专以上
诚聘少儿英语老师,/jobs_view_451529.html,4K-8K/月,武汉市武昌区贝贝英语培训学校,湖北-武汉-武昌区,2019/08/07,不限/不限
少儿英语教师（合肥市区）,/jobs_view_451230.html,4K-8K/月,合肥东方金子塔培训学校,安徽-合肥-庐阳区,2019/08/07,不限/大学本科
少儿英语教师（肥东分校）,/jobs_view_443709.html,4K-8K/月,合肥东方金子塔培训学校,安徽-合肥-肥东县,2019/08/07,不限/大学本科
ESL英语老师,/jobs_view_341098.html,9.6W-12.6W/年,上海诺美学校,上海-闵行区,2019/08/07,一年以上/大学本科以上
少儿英语教师,/jobs_view_381360.html,8K-10K/月,杭州建德市小新星英语培训学校,浙江-杭州-建德市,2019/08/07,不限/大专以上
幼儿英语老师,/jobs_view_394940.html,8K-10K/月,杭州建德市小新星英语培训学校,浙江-杭州-建德市,2019/08/07,不限/大专以上
少儿英语老师,/jobs_view_474870.html,8K-15K/月,阳光翰文(北京)国际教育科技中心,北京-海淀区,2019/08/07,不限/大学本科以上
少儿英语老师,/jobs_view_474799.html,5K-10K/月,上海文鉴教育科技有限公司,上海-浦东新区,2019/08/07,不限/大专以上
英语教师,/jobs_view_474803.html,5K-10K/月,上海文鉴教育科技有限公司,上海-浦东新区,2019/08/07,不限/大专以上
少儿英语教师,/jobs_view_474798.html,5K-10K/月,上海文鉴教育科技有限公司,上海-浦东新区,2019/08/07,不限/大专以上
少儿英语教师,/jobs_view_459629.html,6W-8W/年,宁波养正文化（蒙学书院）,浙江-宁波-鄞州区,2019/08/07,不限/大学本科以上
少儿英语老师,/jobs_view_412636.html,6K-7K/月,欧文教育信息咨询有限公司,浙江-金华-义乌市,2019/08/07,不限/大专
英语老师,/jobs_view_412548.html,6K-7K/月,欧文教育信息咨询有限公司,浙江-金华,2019/08/07,一年以上/大学本科
少儿英语老师,/jobs_view_428699.html,10W-15W/年,杭州市余杭区新理想专修学校（新理想高复）,浙江-杭州-滨江区,2019/08/07,不限/大学本科以上
中教幼儿英语老师,/jobs_view_412035.html,4.5K-8K/月,杭州市余杭区国泰教育培训中心,浙江-杭州-余杭区,2019/08/07,一年以上/大学本科
外教英语老师,/jobs_view_412338.html,10K-14K/月,杭州市余杭区国泰教育培训中心,浙江-杭州-余杭区,2019/08/07,不限/大学本科
中教少儿英语老师,/jobs_view_413166.html,4.5K-8K/月,杭州市余杭区国泰教育培训中心,浙江-杭州-余杭区,2019/08/07,一年以上/大学本科
英语督导,/jobs_view_466036.html,8W-15W/年,杭州市余杭区国泰教育培训中心,浙江-杭州-余杭区,2019/08/07,不限/不限
小学英语老师,/jobs_view_374482.html,4K-8K/月,圃翎国际教育,北京,2019/08/06,不限/大专以上
国际部托福/雅思/基础英语/SAT/ACT教师,/jobs_view_442159.html,11W-15W/年,汕头市骏荣国际学校,广东-汕头-潮阳区,2019/08/06,不限/大学本科以上
少儿英语老师,/jobs_view_474354.html,4.5K-6K/月,合肥嘉玥弘文教育信息咨询有限公司（新斯文国学语文合肥校区）,安徽-合肥,2019/08/06,一年以上/大专以上
少儿英语教师,/jobs_view_474029.html,8K-10K/月,北京福优特教育科技有限公司,北京,2019/08/06,不限/大学本科以上
英语教师,/jobs_view_474030.html,8K-10K/月,北京福优特教育科技有限公司,北京,2019/08/06,不限/大学本科以上
少儿英语,/jobs_view_470621.html,5K-8K/月,广州市卓跃教育咨询有限公司,广东-广州,2019/08/06,不限/大专
英语老师,/jobs_view_448772.html,6K-10K/月,南通爱学派课外教育培训学校,江苏-南通,2019/08/06,不限/大学本科以上
幼儿英语教师,/jobs_view_414929.html,3K-6K/月,杭州市萧山区杰西国际教育培训学校,浙江-杭州-萧山区,2019/08/06,不限/大专
少儿英语老师,/jobs_view_415008.html,3K-6K/月,杭州市萧山区杰西国际教育培训学校,浙江-杭州-萧山区,2019/08/06,不限/大专
少儿英语教师,/jobs_view_458695.html,4.5K-6K/月,佛山市禅城区洛德职业培训学校,广东-佛山,2019/08/05,两年以上/大专以上
少儿英语,/jobs_view_408930.html,4.5K-8K/月,杭州市余杭区蒲公英学校,浙江-杭州,2019/08/05,不限/不限
少儿英语老师（无经验限制）,/jobs_view_447583.html,6K-8K/月,呱呱全美国际教育,北京-东城区,2019/08/05,不限/大专以上
少儿英语老师（可接受应届生，可培养）,/jobs_view_447580.html,6K-8K/月,呱呱全美国际教育,北京-大兴区,2019/08/05,不限/大专以上
英语老师（可接受应届生，可培养，无经验限制）,/jobs_view_447581.html,6K-8K/月,呱呱全美国际教育,北京-东城区,2019/08/05,不限/大专以上
少儿英语老师（可培养，无经验限制）,/jobs_view_447582.html,6K-8K/月,呱呱全美国际教育,北京-大兴区,2019/08/05,不限/大专以上
少儿英语老师（可培养，无经验要求，可接受应届生）,/jobs_view_447584.html,6K-8K/月,呱呱全美国际教育,北京-大兴区,2019/08/05,不限/大专以上
少儿英语老师（助教老师）,/jobs_view_470904.html,2K-3K/月,岳阳市英联雅思培训学校,湖南-岳阳,2019/08/05,一年以上/大学本科以上
少儿英语老师,/jobs_view_470901.html,2K-3K/月,岳阳市英联雅思培训学校,湖南-岳阳,2019/08/05,一年以上/大学本科以上
高薪诚聘英语老师,/jobs_view_468604.html,10K-20K/月,上海英汉思教育培训有限公司,上海,2019/08/05,一年以上/硕士以上
月薪过万英语老师,/jobs_view_468605.html,10K-20K/月,上海英汉思教育培训有限公司,上海,2019/08/05,一年以上/硕士以上
英语老师,/jobs_view_468599.html,10K-20K/月,上海英汉思教育培训有限公司,上海,2019/08/05,一年以上/硕士以上
少儿英语老师,/jobs_view_428280.html,6K-12K/月,杭州市萧山区昇华教育培训学校,浙江-杭州-萧山区,2019/08/05,三年以上/大学本科以上
幼儿英语老师,/jobs_view_428342.html,6K-12K/月,杭州市萧山区昇华教育培训学校,浙江-杭州-萧山区,2019/08/05,三年以上/大学本科以上
中级幼少儿英语老师,/jobs_view_420040.html,5K-7K/月,魔耳朵英文绘本塾,重庆-渝北区,2019/08/05,两年以上/大专以上
初级幼少儿英语教师,/jobs_view_419837.html,4K-6K/月,魔耳朵英文绘本塾,重庆-渝北区,2019/08/05,一年以上/大专以上
高级幼少儿英语教师,/jobs_view_420060.html,9K-10K/月,魔耳朵英文绘本塾,重庆-渝北区,2019/08/05,三年以上/大专以上
储备幼少儿英语老师,/jobs_view_420041.html,1.2K-2K/月,魔耳朵英文绘本塾,重庆-渝北区,2019/08/05,应届毕业生/大专以上
高级幼少儿英语老师月薪9000以上,/jobs_view_465000.html,9K-10K/月,魔耳朵英文绘本塾,重庆-渝北区,2019/08/05,三年以上/大专以上
高级幼少儿英语教师月薪9000以上,/jobs_view_464999.html,9K-10K/月,魔耳朵英文绘本塾,重庆-渝北区,2019/08/05,三年以上/大专以上
英语老师（实习）,/jobs_view_443437.html,3K-6K/月,赛课教育,上海-浦东新区,2019/08/05,不限/大学本科以上
新概念英语教师,/jobs_view_464173.html,4K-6K/月,深圳市美阶文化发展有限公司,广东-深圳,2019/08/05,不限/大学本科以上
景洪英语老师,/jobs_view_434909.html,4K-7K/月,昆明市盘龙区中天教育培训学校,云南-昆明-盘龙区,2019/08/05,不限/大专以上
安宁少儿英语老师,/jobs_view_462902.html,4K-6K/月,昆明市盘龙区中天教育培训学校,云南-昆明-安宁市,2019/08/05,不限/大专
禄丰少儿英语老师,/jobs_view_462903.html,3K-5K/月,昆明市盘龙区中天教育培训学校,云南-昆明-盘龙区,2019/08/05,不限/大专
英语老师,/jobs_view_465817.html,6K-10K/月,杭州雅烁信息咨询服务有限责任公司（沃尔得国际英语）,浙江-杭州-江干区,2019/08/05,不限/大学本科
线上初中英语课件研发老师,/jobs_view_415647.html,6K-10K/月,上海嗨咕子网络科技有限公司,上海-松江区,2019/08/05,一年以上/大学本科以上
线上小学英语课件研发老师,/jobs_view_413849.html,6K-10K/月,上海嗨咕子网络科技有限公司,上海-松江区,2019/08/05,一年以上/大学本科以上
少儿英语外教助教老师,/jobs_view_413940.html,6K-10K/月,上海嗨咕子网络科技有限公司,上海-松江区,2019/08/05,应届毕业生/大专以上
少儿英语老师（兼职）,/jobs_view_461229.html,4K-6K/月,上海阜果投资咨询有限公司（弋果美语）,上海,2019/08/05,不限/大专以上
幼儿英语老师,/jobs_view_461233.html,7K-10K/月,上海阜果投资咨询有限公司（弋果美语）,上海,2019/08/05,不限/大专以上
少儿英语教师,/jobs_view_461236.html,7K-10K/月,上海阜果投资咨询有限公司（弋果美语）,上海,2019/08/05,不限/大专以上
少儿英语老师,/jobs_view_461228.html,7K-10K/月,上海阜果投资咨询有限公司（弋果美语）,上海,2019/08/05,不限/大专以上
少儿英语老师助教,/jobs_view_461234.html,4K-6K/月,上海阜果投资咨询有限公司（弋果美语）,上海,2019/08/05,不限/大专以上
寒暑假兼职少儿英语老师,/jobs_view_461230.html,4K-6K/月,上海阜果投资咨询有限公司（弋果美语）,上海,2019/08/05,不限/大专以上
英语助教,/jobs_view_415892.html,5K-8K/月,深圳市乐晨教育咨询有限公司（昂立集团新安学校）,广东-深圳-宝安区,2019/08/05,不限/不限
少儿英语老师,/jobs_view_415890.html,5K-8K/月,深圳市乐晨教育咨询有限公司（昂立集团新安学校）,广东-深圳-宝安区,2019/08/05,不限/不限
英语老师,/jobs_view_410403.html,6K-10K/月,江苏金悟教育科技有限公司,江苏-南京,2019/08/05,一年以上/大专
资深少儿英语老师,/jobs_view_458655.html,6K-10K/月,玛玛洛可少儿英语（武汉）（武汉雅琳文化传播有限公司）,湖北-武汉,2019/08/05,一年以上/大专以上
少儿英语老师,/jobs_view_458694.html,6K-10K/月,玛玛洛可少儿英语（武汉）（武汉雅琳文化传播有限公司）,湖北-武汉,2019/08/05,一年以上/大专以上
少儿英语教师,/jobs_view_458701.html,6K-10K/月,玛玛洛可少儿英语（武汉）（武汉雅琳文化传播有限公司）,湖北-武汉,2019/08/05,一年以上/大专以上
资深少儿英语老师（教学主管）,/jobs_view_458697.html,6K-10K/月,玛玛洛可少儿英语（武汉）（武汉雅琳文化传播有限公司）,湖北-武汉,2019/08/05,一年以上/大专以上
初级少儿英语老师,/jobs_view_458699.html,6K-10K/月,玛玛洛可少儿英语（武汉）（武汉雅琳文化传播有限公司）,湖北-武汉,2019/08/05,一年以上/大专以上
少儿英语老师助教,/jobs_view_458925.html,5K-8K/月,深圳市剑桥信息文化传播有限公司,广东-深圳,2019/08/05,一年以上/大专以上
少儿英语老师（宝安灵芝站中洲校区）,/jobs_view_458928.html,4K-8K/月,深圳市剑桥信息文化传播有限公司,广东-深圳,2019/08/05,一年以上/大专以上
英语培训老师（中洲校区）,/jobs_view_458923.html,4K-8K/月,深圳市剑桥信息文化传播有限公司,广东-深圳,2019/08/05,一年以上/大专以上
英语助教（沙井校区）,/jobs_view_458926.html,4K-6K/月,深圳市剑桥信息文化传播有限公司,广东-深圳,2019/08/05,一年以上/大专以上
少儿英语老师,/jobs_view_458924.html,5K-8K/月,深圳市剑桥信息文化传播有限公司,广东-深圳,2019/08/05,一年以上/大专以上
资深少儿英语老师,/jobs_view_458927.html,6K-10K/月,深圳市剑桥信息文化传播有限公司,广东-深圳,2019/08/05,一年以上/大学本科以上
诚聘幼儿英语老师,/jobs_view_459682.html,6K-10K/月,想象力英语颛桥校区,上海-闵行区,2019/08/05,不限/大专以上
幼儿英语教师,/jobs_view_459684.html,6K-10K/月,想象力英语颛桥校区,上海-闵行区,2019/08/05,不限/大专以上
诚聘少儿英语老师,/jobs_view_459681.html,6K-10K/月,想象力英语颛桥校区,上海-闵行区,2019/08/05,不限/大专以上
少儿英语老师,/jobs_view_422783.html,6K-10K/月,想象力英语颛桥校区,上海-闵行区,2019/08/05,不限/大专以上
少儿英语教师,/jobs_view_459680.html,6K-10K/月,想象力英语颛桥校区,上海-闵行区,2019/08/05,不限/大专以上
幼儿英语老师,/jobs_view_459683.html,6K-10K/月,想象力英语颛桥校区,上海-闵行区,2019/08/05,不限/大专以上
少儿英语老师,/jobs_view_421300.html,3K-6K/月,惠州市华智美教育投资有限公司（美吉姆）,广东-惠州-惠城区,2019/08/05,不限/大专以上
幼儿英语教师,/jobs_view_456852.html,3K-6K/月,惠州市华智美教育投资有限公司（美吉姆）,广东-惠州-惠城区,2019/08/05,不限/大专以上
少儿英语教师,/jobs_view_456849.html,3K-6K/月,惠州市华智美教育投资有限公司（美吉姆）,广东-惠州-惠城区,2019/08/05,不限/大专以上
幼儿英语老师,/jobs_view_456851.html,3K-6K/月,惠州市华智美教育投资有限公司（美吉姆）,广东-惠州-惠城区,2019/08/05,不限/大专以上
少儿英语老师,/jobs_view_417113.html,4K-8K/月,合肥启航教育培训学校,安徽-合肥,2019/08/05,两年以上/大学本科以上
英语老师,/jobs_view_417454.html,4K-8K/月,合肥启航教育培训学校,安徽-合肥,2019/08/05,两年以上/大学本科以上
幼儿英语老师,/jobs_view_421509.html,4K-8K/月,合肥启航教育培训学校,安徽-合肥,2019/08/05,两年以上/大学本科以上
幼儿英语助教,/jobs_view_451262.html,4K-8K/月,昆山绘声英语培训中心有限公司,江苏-苏州-昆山市,2019/08/05,应届毕业生/大专以上
少儿英语助教,/jobs_view_451265.html,4K-8K/月,昆山绘声英语培训中心有限公司,江苏-苏州-昆山市,2019/08/05,应届毕业生/大专以上
高级幼少儿英语老师,/jobs_view_451261.html,7K-12K/月,昆山绘声英语培训中心有限公司,江苏-苏州-昆山市,2019/08/05,一年以上/大专以上
幼儿英语教师,/jobs_view_451264.html,5K-10K/月,昆山绘声英语培训中心有限公司,江苏-苏州-昆山市,2019/08/05,不限/大专以上
少儿美术老师，英语老师5-8k,/jobs_view_450101.html,5K-8K/月,上海学域文化传播有限公司,上海,2019/08/05,一年以上/大学本科
英语培训师,/jobs_view_417178.html,6K-10K/月,美思特英语/桔马教育/英佳教育,江苏-苏州,2019/08/05,两年以上/大学本科以上
市场设计专员,/jobs_view_417185.html,3K-5K/月,美思特英语/桔马教育/英佳教育,江苏-苏州-常熟市,2019/08/05,一年以上/大专以上
英语中方老师Tutor,/jobs_view_417177.html,5K-9K/月,美思特英语/桔马教育/英佳教育,江苏-苏州-常熟市,2019/08/05,不限/大学本科以上
课程顾问/顾问主管,/jobs_view_417181.html,6K-12K/月,美思特英语/桔马教育/英佳教育,江苏-苏州,2019/08/05,不限/大专以上
幼儿英语教师,/jobs_view_449218.html,4K-7K/月,成都羽睿教育咨询有限公司 （班柏国际少儿英语）,四川-成都-青羊区,2019/08/05,两年以上/大专以上
幼儿英语老师,/jobs_view_449214.html,4K-7K/月,成都羽睿教育咨询有限公司 （班柏国际少儿英语）,四川-成都-青羊区,2019/08/05,两年以上/大专以上
少儿英语教师,/jobs_view_449213.html,4K-7K/月,成都羽睿教育咨询有限公司 （班柏国际少儿英语）,四川-成都-青羊区,2019/08/05,两年以上/大专以上
少儿英语老师,/jobs_view_449217.html,4K-7K/月,成都羽睿教育咨询有限公司 （班柏国际少儿英语）,四川-成都-青羊区,2019/08/05,两年以上/大专以上
英语老师,/jobs_view_448883.html,3K-6K/月,江阴市夏恩英语培训中心,江苏-无锡,2019/08/05,不限/不限
英语教师,/jobs_view_448885.html,3K-6K/月,江阴市夏恩英语培训中心,江苏-无锡,2019/08/05,不限/不限
英语助教,/jobs_view_448886.html,3K-6K/月,江阴市夏恩英语培训中心,江苏-无锡,2019/08/05,不限/不限
成人英语老师,/jobs_view_448887.html,3K-6K/月,江阴市夏恩英语培训中心,江苏-无锡,2019/08/05,不限/不限
幼儿英语教师,/jobs_view_447919.html,5K-10K/月,东莞市读壹教育咨询有限公司,广东-东莞,2019/08/05,不限/大专以上
高薪早教英语老师,/jobs_view_413779.html,5K-10K/月,东莞市读壹教育咨询有限公司,广东-东莞,2019/08/05,不限/大专以上
少儿英语教师,/jobs_view_447916.html,5K-10K/月,东莞市读壹教育咨询有限公司,广东-东莞,2019/08/05,不限/大专以上
幼儿英语老师,/jobs_view_447918.html,5K-10K/月,东莞市读壹教育咨询有限公司,广东-东莞,2019/08/05,不限/大专以上
英语早教老师 (Teacher) ,/jobs_view_413763.html,5K-10K/月,东莞市读壹教育咨询有限公司,广东-东莞,2019/08/05,不限/大专以上
英语老师,/jobs_view_414341.html,5K-10K/月,东莞市读壹教育咨询有限公司,广东-东莞,2019/08/05,不限/大专以上
少儿英语老师,/jobs_view_447915.html,5K-10K/月,东莞市读壹教育咨询有限公司,广东-东莞,2019/08/05,不限/大专以上
急招英语早教老师,/jobs_view_413778.html,5K-10K/月,东莞市读壹教育咨询有限公司,广东-东莞,2019/08/05,不限/大专以上
成人英语老师,/jobs_view_448257.html,5K-8K/月,东莞市清溪斯坦普英语培训中心,广东-东莞,2019/08/05,不限/大专以上
英语老师,/jobs_view_448256.html,5K-8K/月,东莞市清溪斯坦普英语培训中心,广东-东莞,2019/08/05,不限/大专以上
青少年英语老师,/jobs_view_448261.html,5K-8K/月,东莞市清溪斯坦普英语培训中心,广东-东莞,2019/08/05,不限/大专以上
成人英语教师,/jobs_view_448258.html,5K-8K/月,东莞市清溪斯坦普英语培训中心,广东-东莞,2019/08/05,不限/大专以上
青少年英语教师,/jobs_view_448260.html,5K-8K/月,东莞市清溪斯坦普英语培训中心,广东-东莞,2019/08/05,不限/大专以上
英语教师,/jobs_view_448259.html,5K-8K/月,东莞市清溪斯坦普英语培训中心,广东-东莞,2019/08/05,不限/大专以上
成人英语老师,/jobs_view_412427.html,6K-12K/月,美联教育（东莞）有限公司,广东-东莞,2019/08/05,不限/大学本科
英语老师,/jobs_view_412423.html,6K-12K/月,美联教育（东莞）有限公司,广东-东莞,2019/08/05,不限/大学本科
英语教师（托福）,/jobs_view_412229.html,8K-15K/月,武汉启德学府教育咨询有限公司,湖北-武汉-武昌区,2019/08/05,一年以上/大学本科以上
英语教师（雅思）,/jobs_view_412228.html,8K-15K/月,武汉启德学府教育咨询有限公司,湖北-武汉-武昌区,2019/08/05,一年以上/大学本科以上
少儿英语教师,/jobs_view_412718.html,8K-10K/月,常州华东博睿教育信息咨询有限公司,江苏-常州-武进区,2019/08/05,两年以上/大学本科以上
月薪过万少儿英语老师,/jobs_view_447046.html,8K-10K/月,常州华东博睿教育信息咨询有限公司,江苏-常州-武进区,2019/08/05,两年以上/大学本科以上
急招少儿英语老师,/jobs_view_414782.html,8K-10K/月,常州华东博睿教育信息咨询有限公司,江苏-常州-武进区,2019/08/05,两年以上/大学本科以上
高薪诚聘少儿英语老师,/jobs_view_414781.html,8K-10K/月,常州华东博睿教育信息咨询有限公司,江苏-常州-武进区,2019/08/05,两年以上/大学本科以上
少儿英语老师,/jobs_view_408245.html,8K-10K/月,常州华东博睿教育信息咨询有限公司,江苏-常州-武进区,2019/08/05,两年以上/大学本科以上
英语助教,/jobs_view_412181.html,3K-5K/月,四川菲英教育咨询有限公司(玛玛洛可少儿英语),四川-成都,2019/08/05,不限/不限
少儿英语老师,/jobs_view_412180.html,4K-8K/月,四川菲英教育咨询有限公司(玛玛洛可少儿英语),四川-成都-成华区,2019/08/05,不限/不限
少儿英语教师 ,/jobs_view_412704.html,3K-5K/月,四川菲英教育咨询有限公司(玛玛洛可少儿英语),四川-成都,2019/08/05,不限/不限
少儿英语助教,/jobs_view_412701.html,4K-8K/月,四川菲英教育咨询有限公司(玛玛洛可少儿英语),四川-成都-成华区,2019/08/05,不限/不限
高薪诚聘少儿英语老师,/jobs_view_412703.html,3K-5K/月,四川菲英教育咨询有限公司(玛玛洛可少儿英语),四川-成都,2019/08/05,不限/不限
英语老师,/jobs_view_412699.html,3K-5K/月,四川菲英教育咨询有限公司(玛玛洛可少儿英语),四川-成都,2019/08/05,不限/不限
英语老师的助教,/jobs_view_412702.html,3K-5K/月,四川菲英教育咨询有限公司(玛玛洛可少儿英语),四川-成都,2019/08/05,不限/不限
少儿英语老师 助教,/jobs_view_412700.html,3K-5K/月,四川菲英教育咨询有限公司(玛玛洛可少儿英语),四川-成都,2019/08/05,不限/不限
小学英语老师,/jobs_view_454872.html,3.5K-6K/月,成都美迪教育科技有限公司,四川-成都-温江区,2019/08/05,不限/大专以上
英语老师,/jobs_view_410443.html,3.5K-6K/月,成都美迪教育科技有限公司,四川-成都-温江区,2019/08/05,不限/大专以上
少儿英语老师,/jobs_view_408606.html,3.5K-6K/月,成都美迪教育科技有限公司,四川-成都-温江区,2019/08/05,不限/大专以上
早教英语老师,/jobs_view_409038.html,4K-8K/月,重庆点宏教育投资有限责任公司（辰星儿童成长空间）（辰星幼儿园）（南岸校区）（渝中校区）（渝北校区）（两江新区）,重庆,2019/08/05,应届毕业生/大专
少儿英语老师,/jobs_view_409042.html,4K-8K/月,重庆点宏教育投资有限责任公司（辰星儿童成长空间）（辰星幼儿园）（南岸校区）（渝中校区）（渝北校区）（两江新区）,重庆-渝中区,2019/08/05,不限/大专以上
急招少儿英语教师,/jobs_view_412830.html,4K-8K/月,重庆点宏教育投资有限责任公司（辰星儿童成长空间）（辰星幼儿园）（南岸校区）（渝中校区）（渝北校区）（两江新区）,重庆-渝中区,2019/08/05,不限/大专以上
少儿英语教师,/jobs_view_412823.html,4K-8K/月,重庆点宏教育投资有限责任公司（辰星儿童成长空间）（辰星幼儿园）（南岸校区）（渝中校区）（渝北校区）（两江新区）,重庆-渝中区,2019/08/05,不限/大专以上
高薪诚聘少儿英语老师,/jobs_view_412829.html,4K-8K/月,重庆点宏教育投资有限责任公司（辰星儿童成长空间）（辰星幼儿园）（南岸校区）（渝中校区）（渝北校区）（两江新区）,重庆-渝中区,2019/08/05,不限/大专以上
青少英语老师(武广）,/jobs_view_408303.html,5K-8K/月,锦绣长江教育集团-新动态国际英语（武汉市江汉区锦绣长江英语培训学校）,湖北-武汉-江汉区,2019/08/05,不限/大学本科以上
青少英语老师(沌口）,/jobs_view_408304.html,5K-8K/月,锦绣长江教育集团-新动态国际英语（武汉市江汉区锦绣长江英语培训学校）,湖北-武汉-汉阳区,2019/08/05,不限/大学本科以上
英语老师(武广）,/jobs_view_408306.html,5K-8K/月,锦绣长江教育集团-新动态国际英语（武汉市江汉区锦绣长江英语培训学校）,湖北-武汉-江汉区,2019/08/05,一年以上/大学本科以上
英语助教（光谷）,/jobs_view_408310.html,5K-8K/月,锦绣长江教育集团-新动态国际英语（武汉市江汉区锦绣长江英语培训学校）,湖北-武汉-洪山区,2019/08/05,不限/大专以上
英语助教（众圆）,/jobs_view_408312.html,5K-8K/月,锦绣长江教育集团-新动态国际英语（武汉市江汉区锦绣长江英语培训学校）,湖北-武汉-青山区,2019/08/05,一年以上/大专以上
青少英语老师（众圆）,/jobs_view_408305.html,5K-8K/月,锦绣长江教育集团-新动态国际英语（武汉市江汉区锦绣长江英语培训学校）,湖北-武汉-青山区,2019/08/05,不限/大学本科以上
英语老师（光谷）,/jobs_view_408309.html,5K-8K/月,锦绣长江教育集团-新动态国际英语（武汉市江汉区锦绣长江英语培训学校）,湖北-武汉-洪山区,2019/08/05,一年以上/大学本科以上
英语老师（沌口）,/jobs_view_408307.html,5K-8K/月,锦绣长江教育集团-新动态国际英语（武汉市江汉区锦绣长江英语培训学校）,湖北-武汉-汉阳区,2019/08/05,一年以上/大学本科以上
英语老师（众圆）,/jobs_view_408308.html,5K-8K/月,锦绣长江教育集团-新动态国际英语（武汉市江汉区锦绣长江英语培训学校）,湖北-武汉-青山区,2019/08/05,一年以上/大学本科以上
英语助教（沌口）,/jobs_view_408311.html,5K-8K/月,锦绣长江教育集团-新动态国际英语（武汉市江汉区锦绣长江英语培训学校）,湖北-武汉-汉阳区,2019/08/05,一年以上/大专以上
诚聘英语老师,/jobs_view_442733.html,5K-10K/月,来英教育科技集团有限公司重庆第一分公司,重庆,2019/08/05,不限/不限
英语老师,/jobs_view_442732.html,5K-10K/月,来英教育科技集团有限公司重庆第一分公司,重庆,2019/08/05,不限/不限
急聘少儿英语老师,/jobs_view_440514.html,4K-8K/月,北京思瑞祥言教育咨询有限公司,北京,2019/08/05,不限/不限
英语老师,/jobs_view_440894.html,3K-6K/月,广州市书戏教育咨询有限公司,广东-广州,2019/08/05,不限/大专
原著英语老师,/jobs_view_419621.html,3K-6K/月,广州市书戏教育咨询有限公司,广东-广州,2019/08/05,不限/大专
兼职英语老师,/jobs_view_279277.html,5K-8K/月,无锡市锡山区感恩教育培训中心,江苏-无锡,2019/08/05,三年以上/大学本科以上
英语老师,/jobs_view_420509.html,4K-7K/月,杭州铭笙培训学校有限公司,浙江-杭州-滨江区,2019/08/05,不限/大学本科以上
少儿英语老师,/jobs_view_440250.html,4K-7K/月,杭州铭笙培训学校有限公司,浙江-杭州-滨江区,2019/08/05,不限/大学本科以上
高薪高中英语老师,/jobs_view_413341.html,6K-8K/月,深圳英阅教育咨询有限公司（睿丁英语）,广东-深圳-南山区,2019/08/05,不限/大学本科以上
小学英语老师,/jobs_view_439676.html,6K-8K/月,深圳英阅教育咨询有限公司（睿丁英语）,广东-深圳-南山区,2019/08/05,不限/大学本科以上
急聘初中英语老师,/jobs_view_413340.html,6K-8K/月,深圳英阅教育咨询有限公司（睿丁英语）,广东-深圳-南山区,2019/08/05,不限/大学本科以上
英语老师,/jobs_view_409528.html,6K-8K/月,深圳英阅教育咨询有限公司（睿丁英语）,广东-深圳-南山区,2019/08/05,不限/大学本科以上
高中英语老师,/jobs_view_413339.html,6K-8K/月,深圳英阅教育咨询有限公司（睿丁英语）,广东-深圳-南山区,2019/08/05,不限/大学本科以上
诚聘少儿英语老师,/jobs_view_439677.html,6K-8K/月,深圳英阅教育咨询有限公司（睿丁英语）,广东-深圳-南山区,2019/08/05,不限/大学本科以上
少儿英语老师,/jobs_view_439675.html,6K-8K/月,深圳英阅教育咨询有限公司（睿丁英语）,广东-深圳-南山区,2019/08/05,不限/大学本科以上
成人英语老师,/jobs_view_439789.html,6K-8K/月,沃尔得英语,浙江-杭州-江干区,2019/08/05,不限/大学本科以上
少儿英语老师,/jobs_view_438695.html,7K-13K/月,无锡瑞思外语培训有限公司,江苏-无锡-梁溪区,2019/08/05,不限/大学本科以上
高薪诚聘少儿英语老师,/jobs_view_438873.html,7K-13K/月,无锡瑞思外语培训有限公司,江苏-无锡-梁溪区,2019/08/05,不限/大学本科以上
小学英语老师,/jobs_view_454794.html,7K-13K/月,无锡瑞思外语培训有限公司,江苏-无锡-梁溪区,2019/08/05,不限/大学本科以上
少儿英语教师,/jobs_view_438871.html,7K-13K/月,无锡瑞思外语培训有限公司,江苏-无锡-梁溪区,2019/08/05,不限/大学本科以上
急聘少儿英语老师,/jobs_view_438874.html,7K-13K/月,无锡瑞思外语培训有限公司,江苏-无锡-梁溪区,2019/08/05,不限/大学本科以上
月薪过万少儿英语老师,/jobs_view_454793.html,7K-13K/月,无锡瑞思外语培训有限公司,江苏-无锡-梁溪区,2019/08/05,不限/大学本科以上
诚聘少儿英语老师,/jobs_view_438872.html,7K-13K/月,无锡瑞思外语培训有限公司,江苏-无锡-梁溪区,2019/08/05,不限/大学本科以上
少儿英语老师,/jobs_view_417296.html,6K-8K/月,天杭迪斯凯瑞（天津）教育科技有限公司,天津-河东区,2019/08/05,不限/大学本科以上
诚聘英语老师,/jobs_view_438112.html,6K-12K/月,东莞市威廉教育咨询有限公司（威廉英语）,广东-东莞,2019/08/05,两年以上/大学本科以上
英语助教,/jobs_view_438114.html,3.5K-6K/月,东莞市威廉教育咨询有限公司（威廉英语）,广东-东莞,2019/08/05,不限/大专以上
少儿英语助教,/jobs_view_438115.html,3.5K-6K/月,东莞市威廉教育咨询有限公司（威廉英语）,广东-东莞,2019/08/05,不限/大专以上
英语教师,/jobs_view_438110.html,6K-12K/月,东莞市威廉教育咨询有限公司（威廉英语）,广东-东莞,2019/08/05,两年以上/大学本科以上
高薪诚聘英语老师,/jobs_view_438111.html,6K-12K/月,东莞市威廉教育咨询有限公司（威廉英语）,广东-东莞,2019/08/05,两年以上/大学本科以上
英语老师,/jobs_view_438109.html,6K-12K/月,东莞市威廉教育咨询有限公司（威廉英语）,广东-东莞,2019/08/05,两年以上/大学本科以上
急聘英语老师,/jobs_view_438113.html,6K-12K/月,东莞市威廉教育咨询有限公司（威廉英语）,广东-东莞,2019/08/05,两年以上/大学本科以上
英语老师,/jobs_view_436587.html,5K-8K/月,广州常景禄教育科技有限公司,广东-广州,2019/08/05,不限/大学本科以上
英语教师,/jobs_view_436596.html,5K-8K/月,广州常景禄教育科技有限公司,广东-广州,2019/08/05,不限/大学本科以上
诚聘英语教师,/jobs_view_436599.html,5K-8K/月,广州常景禄教育科技有限公司,广东-广州,2019/08/05,不限/大学本科以上
3-12岁英语老师,/jobs_view_436593.html,5K-8K/月,广州常景禄教育科技有限公司,广东-广州,2019/08/05,不限/大学本科以上
少儿英语老师,/jobs_view_418760.html,6K-9K/月,深圳阅世界信息咨询有限公司,广东-深圳,2019/08/05,不限/大学本科以上
英语老师,/jobs_view_418761.html,6K-9K/月,深圳阅世界信息咨询有限公司,广东-深圳,2019/08/05,不限/大学本科以上
少儿英语教师,/jobs_view_454993.html,6K-9K/月,深圳阅世界信息咨询有限公司,广东-深圳,2019/08/05,不限/大学本科以上
GRE老师,/jobs_view_436092.html,8K-15K/月,深圳市罗湖区新航道英语培训中心,广东-深圳,2019/08/05,不限/硕士以上
雅思教师,/jobs_view_436094.html,8K-15K/月,深圳市罗湖区新航道英语培训中心,广东-深圳,2019/08/05,不限/硕士以上
托福老师,/jobs_view_436090.html,8K-15K/月,深圳市罗湖区新航道英语培训中心,广东-深圳,2019/08/05,不限/硕士以上
雅思老师,/jobs_view_436089.html,8K-15K/月,深圳市罗湖区新航道英语培训中心,广东-深圳,2019/08/05,不限/硕士以上
托福教师,/jobs_view_436095.html,8K-15K/月,深圳市罗湖区新航道英语培训中心,广东-深圳,2019/08/05,不限/硕士以上
GMAT老师,/jobs_view_436093.html,8K-15K/月,深圳市罗湖区新航道英语培训中心,广东-深圳,2019/08/05,不限/硕士以上
高薪招聘英语教师,/jobs_view_408035.html,10K-15K/月,北京海纳优才教育科技有限责任公司（优才国际教育）,北京,2019/08/05,不限/大学本科
高薪招聘新概念英语教师,/jobs_view_408036.html,10K-15K/月,北京海纳优才教育科技有限责任公司（优才国际教育）,北京,2019/08/05,不限/大专
幼儿英语老师,/jobs_view_421486.html,8K-15K/月,广东魔奇文化教育传播有限公司,广东-深圳-罗湖区,2019/08/05,不限/大专以上
少儿英语老师,/jobs_view_421485.html,8K-15K/月,广东魔奇文化教育传播有限公司,广东-深圳-罗湖区,2019/08/05,不限/大专以上
少儿英语教师,/jobs_view_421315.html,8K-15K/月,广东魔奇文化教育传播有限公司,广东-深圳-罗湖区,2019/08/05,不限/大专以上
少儿英语教师,/jobs_view_420516.html,5K-8K/月,武汉市星启慧教育科技有限公司(能动时代教育),湖北-武汉-黄陂区,2019/08/05,不限/大学本科
全职英语老师,/jobs_view_420566.html,5K-8K/月,武汉市星启慧教育科技有限公司(能动时代教育),湖北-武汉-黄陂区,2019/08/05,不限/大学本科
英语老师,/jobs_view_420565.html,4K-7K/月,武汉市星启慧教育科技有限公司(能动时代教育),湖北-武汉-黄陂区,2019/08/05,不限/大专
英语老师,/jobs_view_432678.html,5W-10W/年,武汉市江岸区澳邦教育花桥培训学校,湖北-武汉,2019/08/05,一年以上/大学本科以上
资深英语老师,/jobs_view_432681.html,8W-15W/年,武汉市江岸区澳邦教育花桥培训学校,湖北-武汉,2019/08/05,一年以上/大学本科以上
英语教师,/jobs_view_431272.html,8K-16K/月,深圳市闪电英语培训有限公司,广东-深圳-龙岗区,2019/08/05,一年以上/大学本科以上
高薪诚聘英语老师,/jobs_view_431269.html,8K-16K/月,深圳市闪电英语培训有限公司,广东-深圳-龙岗区,2019/08/05,一年以上/大学本科以上
高薪诚聘英语教师,/jobs_view_431271.html,8K-16K/月,深圳市闪电英语培训有限公司,广东-深圳-龙岗区,2019/08/05,一年以上/大学本科以上
英语老师,/jobs_view_431268.html,8K-16K/月,深圳市闪电英语培训有限公司,广东-深圳-龙岗区,2019/08/05,一年以上/大学本科以上
雅思老师,/jobs_view_420461.html,6K-12K/月,成都爱英语教育,四川-成都-武侯区,2019/08/05,两年以上/大学本科以上
督导老师,/jobs_view_420462.html,3.5K-6K/月,成都爱英语教育,四川-成都-武侯区,2019/08/05,一年以上/大学本科以上
托福老师,/jobs_view_420460.html,6K-12K/月,成都爱英语教育,四川-成都-武侯区,2019/08/05,两年以上/大学本科以上
少儿英语教师,/jobs_view_430317.html,5K-10K/月,杭州科睿思道培训学校有限公司,浙江-杭州,2019/08/05,不限/不限
急招英语老师,/jobs_view_417396.html,6K-12K/月,金翰教育咨询（深圳）有限公司（柏金瀚英語）,广东-深圳-宝安区,2019/08/05,一年以上/大学本科以上
急招少儿英语老师,/jobs_view_417399.html,6K-12K/月,金翰教育咨询（深圳）有限公司（柏金瀚英語）,广东-深圳-宝安区,2019/08/05,一年以上/大学本科以上
少儿英语,/jobs_view_417402.html,6K-12K/月,金翰教育咨询（深圳）有限公司（柏金瀚英語）,广东-深圳-宝安区,2019/08/05,一年以上/大学本科以上
英语老师,/jobs_view_417365.html,6K-12K/月,金翰教育咨询（深圳）有限公司（柏金瀚英語）,广东-深圳-宝安区,2019/08/05,一年以上/大学本科以上
少儿英语助教,/jobs_view_417462.html,3K-4.5K/月,深圳市播种文化传播有限公司,广东-深圳-福田区,2019/08/05,不限/大专以上
英语老师,/jobs_view_418377.html,6K-12K/月,深圳市播种文化传播有限公司,广东-深圳-福田区,2019/08/05,一年以上/大专
英语培训中心课程顾问,/jobs_view_417371.html,3K-6K/月,深圳市播种文化传播有限公司,广东-深圳-福田区,2019/08/05,不限/高中以上
少儿英语老师,/jobs_view_417368.html,6K-12K/月,深圳市播种文化传播有限公司,广东-深圳-福田区,2019/08/05,一年以上/大专以上
少儿英语教师,/jobs_view_417394.html,6K-12K/月,深圳市播种文化传播有限公司,广东-深圳-福田区,2019/08/05,一年以上/大专以上
英语培训中心助教,/jobs_view_417369.html,3K-4.5K/月,深圳市播种文化传播有限公司,广东-深圳-福田区,2019/08/05,不限/大专以上
兼职英语老师,/jobs_view_418378.html,3K-4K/月,深圳市播种文化传播有限公司,广东-深圳-福田区,2019/08/05,三年以上/大专
少儿英语助教,/jobs_view_413407.html,5K-10K/月,深圳市南山区德亚培训中心（德州学房）,广东-深圳-南山区,2019/08/05,不限/大学本科
少儿英语老师,/jobs_view_413406.html,5K-10K/月,深圳市南山区德亚培训中心（德州学房）,广东-深圳-南山区,2019/08/05,不限/大学本科
小学英语老师,/jobs_view_429765.html,5K-10K/月,北京百思恩教育咨询有限公司,北京-丰台区,2019/08/05,不限/大专
幼儿英语老师,/jobs_view_412245.html,5K-10K/月,北京百思恩教育咨询有限公司,北京-丰台区,2019/08/05,不限/不限
英语老师,/jobs_view_412375.html,5K-10K/月,北京百思恩教育咨询有限公司,北京-丰台区,2019/08/05,不限/大专
少儿英语老师,/jobs_view_418763.html,5K-10K/月,杭州萧山鼎府培训学校有限公司,浙江-杭州,2019/08/05,不限/不限
少儿英语教师,/jobs_view_419104.html,5K-10K/月,杭州萧山鼎府培训学校有限公司,浙江-杭州,2019/08/05,不限/不限
少儿英语老师,/jobs_view_412454.html,8K-15K/月,英国宾斯特公学（杭州缤果教育咨询有限公司）,浙江-杭州-上城区,2019/08/05,不限/大学本科以上
小学英语老师,/jobs_view_413000.html,8K-15K/月,英国宾斯特公学（杭州缤果教育咨询有限公司）,浙江-杭州-上城区,2019/08/05,不限/大学本科以上
英语老师,/jobs_view_426468.html,8K-15K/月,东莞贝特尔英语培训有限公司,广东-东莞,2019/08/05,不限/大学本科以上
月薪过万英语老师,/jobs_view_450608.html,8K-15K/月,东莞贝特尔英语培训有限公司,广东-东莞,2019/08/05,不限/大专以上
高薪诚聘优秀英语老师,/jobs_view_450607.html,8K-15K/月,东莞贝特尔英语培训有限公司,广东-东莞,2019/08/05,不限/大专以上
月薪过万成人英语老师,/jobs_view_462174.html,8K-15K/月,东莞贝特尔英语培训有限公司,广东-东莞,2019/08/05,不限/大专以上
英语辅导老师,/jobs_view_426469.html,8K-15K/月,东莞贝特尔英语培训有限公司,广东-东莞,2019/08/05,不限/大专以上
成人英语老师,/jobs_view_462175.html,8K-15K/月,东莞贝特尔英语培训有限公司,广东-东莞,2019/08/05,不限/大专以上
英语教师,/jobs_view_463372.html,5K-8K/月,东莞市全心全意文化传播有限公司,广东-东莞,2019/08/05,不限/大学本科
英语老师,/jobs_view_424954.html,5K-8K/月,东莞市全心全意文化传播有限公司,广东-东莞,2019/08/05,不限/大学本科
四六级英语老师,/jobs_view_425104.html,3K-4.5K/月,广州博优教育信息咨询有限公司,广东-广州-海珠区,2019/08/05,不限/不限
英语老师,/jobs_view_425102.html,3K-4.5K/月,广州博优教育信息咨询有限公司,广东-广州-海珠区,2019/08/05,不限/不限
高薪诚聘少儿英语教学主管,/jobs_view_413829.html,10W-20W/年,东莞市华毅教育文化科技有限公司,广东-东莞,2019/08/05,两年以上/大学本科
少儿英语老师,/jobs_view_412712.html,4K-8K/月,东莞市华毅教育文化科技有限公司,广东-东莞,2019/08/05,两年以上/大学本科
急招少儿英语老师,/jobs_view_413830.html,4K-8K/月,东莞市华毅教育文化科技有限公司,广东-东莞,2019/08/05,一年以上/大学本科
少儿英语教师,/jobs_view_413828.html,4K-8K/月,东莞市华毅教育文化科技有限公司,广东-东莞,2019/08/05,两年以上/大学本科
月薪过万少儿英语老师,/jobs_view_454147.html,8K-16K/月,北京炫烨弘博教育咨询有限公司（通州果园）(能动英语屋),北京-通州区,2019/08/05,一年以上/大学本科以上
女傅【EnglishTeacher】,/jobs_view_411555.html,8K-16K/月,北京炫烨弘博教育咨询有限公司（通州果园）(能动英语屋),北京-通州区,2019/08/05,一年以上/大学本科以上
高薪诚聘少儿英语老师,/jobs_view_454145.html,8K-16K/月,北京炫烨弘博教育咨询有限公司（通州果园）(能动英语屋),北京-通州区,2019/08/05,一年以上/大学本科以上
少儿英语教师,/jobs_view_411547.html,8K-16K/月,北京炫烨弘博教育咨询有限公司（通州果园）(能动英语屋),北京-通州区,2019/08/05,一年以上/大学本科以上
优秀少儿英语老师,/jobs_view_454148.html,8K-16K/月,北京炫烨弘博教育咨询有限公司（通州果园）(能动英语屋),北京-通州区,2019/08/05,一年以上/大学本科以上
少儿英语老师,/jobs_view_454146.html,8K-16K/月,北京炫烨弘博教育咨询有限公司（通州果园）(能动英语屋),北京-通州区,2019/08/05,一年以上/大学本科以上
少儿英语老师,/jobs_view_421988.html,4K-8K/月,汕头市东方爱婴咨询有限公司,广东-汕头-龙湖区,2019/08/05,一年以上/大学本科以上
英语老师,/jobs_view_421103.html,4K-8K/月,汕头市东方爱婴咨询有限公司,广东-汕头-龙湖区,2019/08/05,一年以上/大学本科以上
成人口语老师,/jobs_view_412457.html,6K-10K/月,武汉东湖新技术开发区美联英语培训学校,湖北-武汉,2019/08/05,一年以上/大学本科
急聘成人口语老师,/jobs_view_412467.html,6K-10K/月,武汉东湖新技术开发区美联英语培训学校,湖北-武汉,2019/08/05,一年以上/大学本科
成人学习指导,/jobs_view_412462.html,5K-10K/月,武汉东湖新技术开发区美联英语培训学校,湖北-武汉,2019/08/05,一年以上/大学本科
急聘成人学习指导,/jobs_view_412471.html,5K-10K/月,武汉东湖新技术开发区美联英语培训学校,湖北-武汉,2019/08/05,一年以上/大学本科
闲林地区小学英语老师五险一金,/jobs_view_413008.html,6K-10K/月,杭州昆士敦教育咨询有限公司,浙江-杭州-余杭区,2019/08/05,不限/不限
高薪诚聘闲林英语助教老师,/jobs_view_412060.html,4K-8K/月,杭州昆士敦教育咨询有限公司,浙江-杭州-余杭区,2019/08/05,不限/不限
高薪聘闲林小学英语老师,/jobs_view_433959.html,6K-10K/月,杭州昆士敦教育咨询有限公司,浙江-杭州-余杭区,2019/08/05,一年以上/大学本科
基础英语老师,/jobs_view_413664.html,4K-8K/月,镇江市朗阁外语培训中心,江苏-镇江-润州区,2019/08/05,不限/大学本科
英语助教,/jobs_view_413663.html,4K-8K/月,镇江市朗阁外语培训中心,江苏-镇江-润州区,2019/08/05,不限/大学本科
英语助教 基础英语老师,/jobs_view_413190.html,4K-8K/月,镇江市朗阁外语培训中心,江苏-镇江-润州区,2019/08/05,不限/大学本科
急聘少儿英语老师（南山/宝安/福田/龙岗/龙华/罗湖）,/jobs_view_411177.html,6K-10K/月,深圳市关键词教育培训中心,广东-深圳,2019/08/05,一年以上/大学本科以上
英语老师（南山/宝安/福田/龙岗/龙华/罗湖）,/jobs_view_411025.html,6K-10K/月,深圳市关键词教育培训中心,广东-深圳-南山区,2019/08/05,一年以上/大学本科以上
高薪少儿英语老师（南山/宝安/福田/龙岗/龙华/罗湖）,/jobs_view_411180.html,6K-10K/月,深圳市关键词教育培训中心,广东-深圳,2019/08/05,一年以上/大学本科以上
少儿英语教师,/jobs_view_438907.html,3K-6K/月,清远市剑桥英语培训中心,广东-清远,2019/08/05,不限/不限
少儿英语,/jobs_view_415317.html,4K-6K/月,童乐教育,广东-广州,2019/08/05,两年以上/不限
少儿英语,/jobs_view_418828.html,4K-8K/月,广州市番禺区天予教育培训中心,广东-广州,2019/08/03,不限/中专
大学英语教师,/jobs_view_184205.html,8K-10K/月,杭州塔夫教育,浙江-杭州-西湖区,2019/08/02,不限/硕士以上
雅思/考研英语教师,/jobs_view_337710.html,8K-15K/月,杭州塔夫教育,浙江-杭州-西湖区,2019/08/02,不限/大学本科以上
少儿英语教师,/jobs_view_473053.html,6K-8K/月,佛山南海中海锦城新明博教育,广东-佛山,2019/08/02,一年以上/大学本科以上
少儿英语老师,/jobs_view_463555.html,5K-10K/月,东莞市百越教育咨询有限公司,广东-东莞,2019/08/02,应届毕业生/大专以上
少儿英语教师,/jobs_view_463553.html,5K-10K/月,东莞市百越教育咨询有限公司,广东-东莞,2019/08/02,应届毕业生/大专以上
诚聘少儿英语教师,/jobs_view_463557.html,5K-10K/月,东莞市百越教育咨询有限公司,广东-东莞,2019/08/02,应届毕业生/大专以上
少儿英语教师（储备）,/jobs_view_463556.html,5K-10K/月,东莞市百越教育咨询有限公司,广东-东莞,2019/08/02,应届毕业生/大专以上
幼儿英语教师,/jobs_view_463554.html,5K-10K/月,东莞市百越教育咨询有限公司,广东-东莞,2019/08/02,应届毕业生/大专以上
幼少儿英语教师,/jobs_view_392103.html,5K-10K/月,东莞市百越教育咨询有限公司,广东-东莞,2019/08/02,应届毕业生/大专以上
小学英语教师,/jobs_view_94358.html,2K-3.5K/月,青冈县剑桥英语学校,黑龙江-绥化-青冈县,2019/08/02,不限/中专以上
教学主管．英语教学主任,/jobs_view_39579.html,面议,青冈县剑桥英语学校,黑龙江-绥化-青冈县,2019/08/02,不限/中专
急招少儿英语教师,/jobs_view_449915.html,3K-6K/月,惠州市卓鹿教育咨询有限公司,广东-惠州,2019/07/31,应届毕业生/大专以上
少儿英语老师,/jobs_view_406364.html,3K-6K/月,惠州市卓鹿教育咨询有限公司,广东-惠州,2019/07/31,应届毕业生/大专以上
少儿英语教师,/jobs_view_437332.html,7K-12K/月,上海四维尔控股集团有限公司,上海-青浦区,2019/07/31,不限/大专以上
少儿英语教师,/jobs_view_472049.html,8K-10K/月,北京三英卓越教育科技有限责任公司,北京-海淀区,2019/07/30,不限/大学本科以上
急招英语老师,/jobs_view_472051.html,10W-15W/年,北京三英卓越教育科技有限责任公司,北京-海淀区,2019/07/30,一年以上/大学本科以上
诚聘英语老师,/jobs_view_472052.html,10W-15W/年,北京三英卓越教育科技有限责任公司,北京-海淀区,2019/07/30,一年以上/大学本科以上
英语教师,/jobs_view_472050.html,10W-15W/年,北京三英卓越教育科技有限责任公司,北京-海淀区,2019/07/30,一年以上/大学本科以上
诚聘少儿英语老师,/jobs_view_472054.html,8K-10K/月,北京三英卓越教育科技有限责任公司,北京-海淀区,2019/07/30,不限/大学本科以上
急招少儿英语老师,/jobs_view_472053.html,8K-10K/月,北京三英卓越教育科技有限责任公司,北京-海淀区,2019/07/30,不限/大学本科以上
少儿英语老师,/jobs_view_452951.html,5K-8K/月,惠东悦宝园早教中心,广东-惠州-惠东县,2019/07/30,不限/不限
英语老师,/jobs_view_452569.html,5K-8K/月,惠东悦宝园早教中心,广东-惠州-惠东县,2019/07/30,不限/不限
诚聘英语老师,/jobs_view_471762.html,4.5K-9K/月,惠州市睿之源文化传播有限公司,广东-惠州,2019/07/30,一年以上/大专以上
诚聘幼少儿英语老师,/jobs_view_471761.html,4.5K-9K/月,惠州市睿之源文化传播有限公司,广东-惠州,2019/07/30,一年以上/大专以上
英语教师,/jobs_view_471758.html,4.5K-9K/月,惠州市睿之源文化传播有限公司,广东-惠州,2019/07/30,一年以上/大专以上
少儿英语教师,/jobs_view_471757.html,4.5K-9K/月,惠州市睿之源文化传播有限公司,广东-惠州,2019/07/30,一年以上/大专以上
幼少儿英语教师,/jobs_view_471760.html,4.5K-9K/月,惠州市睿之源文化传播有限公司,广东-惠州,2019/07/30,一年以上/大专以上
英语老师,/jobs_view_471386.html,6K-8K/月,苏州煦童文化信息咨询有限公司,江苏-苏州,2019/07/29,不限/大学本科以上
少儿英语教师,/jobs_view_471385.html,6K-8K/月,苏州煦童文化信息咨询有限公司,江苏-苏州,2019/07/29,不限/大学本科以上
少儿英语老师,/jobs_view_451295.html,4K-8K/月,爱贝国际少儿英语,浙江-台州-温岭市,2019/07/26,不限/大专以上
小学英语老师,/jobs_view_451283.html,4K-8K/月,爱贝国际少儿英语,浙江-台州-温岭市,2019/07/26,不限/大专以上
新概念小学英语教师,/jobs_view_407906.html,3K-5K/月,武汉市硚口区北斗星培训学校,湖北-武汉-硚口区,2019/07/25,不限/大学本科以上
少儿英语教师,/jobs_view_265733.html,4K-7K/月,永康常春藤外语培训中心,浙江-金华-永康市,2019/07/25,不限/大学本科以上
英语助教老师（储备）,/jobs_view_411407.html,4K-6K/月,广州爱英奇品牌运营管理有限公司,广东-广州-天河区,2019/07/25,应届毕业生/大专以上
英语老师（储备）,/jobs_view_410763.html,4K-8K/月,广州爱英奇品牌运营管理有限公司,广东-广州-天河区,2019/07/25,一年以上/大学本科以上
英语教师（储备）,/jobs_view_417217.html,4K-8K/月,广州爱英奇品牌运营管理有限公司,广东-广州-天河区,2019/07/25,一年以上/大学本科以上
少儿英语,/jobs_view_452566.html,4.5K-9K/月,东莞市常春腾信息咨询有限公司,广东-东莞,2019/07/24,不限/大专以上
少儿英语教师,/jobs_view_445381.html,10K-15K/月,上海童尊教育培训有限公司,上海,2019/07/24,不限/大学本科以上
志才学校旗下历成教育英语老师,/jobs_view_450156.html,3K-5K/月,广州市花都区志才学校,广东-广州-花都区,2019/07/24,不限/大专以上
英语教师,/jobs_view_469465.html,5K-10K/月,杭州艾摩教育培训学校有限公司（芝麻街英语）,浙江-杭州-富阳区,2019/07/23,不限/大学本科以上
少儿英语教师,/jobs_view_421307.html,5K-10K/月,杭州艾摩教育培训学校有限公司（芝麻街英语）,浙江-杭州-富阳区,2019/07/23,不限/大学本科以上
英语老师,/jobs_view_421292.html,5K-10K/月,杭州艾摩教育培训学校有限公司（芝麻街英语）,浙江-杭州-富阳区,2019/07/23,不限/大学本科以上
高薪诚聘少儿英语老师,/jobs_view_421308.html,5K-10K/月,杭州艾摩教育培训学校有限公司（芝麻街英语）,浙江-杭州-富阳区,2019/07/23,不限/大学本科以上
少儿英语老师,/jobs_view_421294.html,5K-10K/月,杭州艾摩教育培训学校有限公司（芝麻街英语）,浙江-杭州-富阳区,2019/07/23,不限/大学本科以上
新概念英语教师,/jobs_view_430118.html,8K-10K/月,上海财智进修学院,上海,2019/07/23,一年以上/大学本科以上
少儿英语教师,/jobs_view_430115.html,10K-15K/月,上海财智进修学院,上海,2019/07/23,不限/大学本科以上
英语助教,/jobs_view_430133.html,3K-6K/月,上海财智进修学院,上海,2019/07/23,不限/大专以上
少儿英语老师,/jobs_view_430128.html,8K-15K/月,上海财智进修学院,上海,2019/07/23,一年以上/大学本科
Foreign English teachers,/jobs_view_444031.html,12K-17K/月,成都市温江区艾尚英语培训学校,四川-成都-温江区,2019/07/23,两年以上/大学本科以上
成人英语老师,/jobs_view_444016.html,5K-10K/月,成都市温江区艾尚英语培训学校,四川-成都,2019/07/23,三年以上/大专以上
英语老师,/jobs_view_444017.html,6K-12K/月,成都市温江区艾尚英语培训学校,四川-成都-温江区,2019/07/23,三年以上/大学本科以上
少儿英语老师,/jobs_view_444013.html,5K-10K/月,成都市温江区艾尚英语培训学校,四川-成都-温江区,2019/07/23,三年以上/大学本科以上
新概念英语教师,/jobs_view_428244.html,6K-12K/月,上海都英文化传播有限公司,上海-闵行区,2019/07/19,一年以上/大学本科以上
英语教师,/jobs_view_333811.html,4K-8K/月,浙江省海宁市星海艺术培训学校,浙江-嘉兴-海宁市,2019/07/19,不限/大学本科以上
少儿英语教师（马上上岗）,/jobs_view_467729.html,5K-8K/月,杭州伊果教育科技有限公司,浙江-杭州,2019/07/18,一年以上/大学本科以上
急招少儿英语教师,/jobs_view_467727.html,5K-8K/月,杭州伊果教育科技有限公司,浙江-杭州,2019/07/18,一年以上/大学本科以上
少儿英语教师,/jobs_view_467726.html,5K-8K/月,杭州伊果教育科技有限公司,浙江-杭州,2019/07/18,一年以上/大学本科以上
少儿英语教师助教（实习）,/jobs_view_467725.html,3K-4.5K/月,杭州伊果教育科技有限公司,浙江-杭州,2019/07/18,不限/大学本科以上
诚聘少儿英语教师,/jobs_view_467728.html,5K-8K/月,杭州伊果教育科技有限公司,浙江-杭州,2019/07/18,一年以上/大学本科以上
少儿英语教师助教,/jobs_view_467724.html,3K-4.5K/月,杭州伊果教育科技有限公司,浙江-杭州,2019/07/18,不限/大学本科以上
英语老师,/jobs_view_426532.html,6K-8K/月,武汉二十一世纪教育投资有限公司,湖北-武汉-洪山区,2019/07/18,不限/大学本科
少儿英语,/jobs_view_420635.html,8K-15K/月,上海丹森现代教育培训机构,上海-闵行区,2019/07/18,不限/不限
少儿英语老师,/jobs_view_463435.html,6K-8K/月,重庆两江新区迈格森英语培训学校,重庆-渝北区,2019/07/17,不限/大学本科以上
幼少儿英语老师（马上上岗）,/jobs_view_463439.html,6K-8K/月,重庆两江新区迈格森英语培训学校,重庆-渝北区,2019/07/17,不限/大学本科以上
急招幼少儿英语老师,/jobs_view_463437.html,6K-8K/月,重庆两江新区迈格森英语培训学校,重庆-渝北区,2019/07/17,不限/大学本科以上
幼少儿英语老师,/jobs_view_463436.html,6K-8K/月,重庆两江新区迈格森英语培训学校,重庆-渝北区,2019/07/17,不限/大学本科以上
幼少儿英语教师,/jobs_view_463433.html,6K-8K/月,重庆两江新区迈格森英语培训学校,重庆-渝北区,2019/07/17,不限/大学本科以上
少儿英语教师,/jobs_view_463431.html,6K-8K/月,重庆两江新区迈格森英语培训学校,重庆-渝北区,2019/07/17,不限/大学本科以上
诚聘幼少儿英语老师,/jobs_view_463438.html,6K-8K/月,重庆两江新区迈格森英语培训学校,重庆-渝北区,2019/07/17,不限/大学本科以上
成人英语教师,/jobs_view_327679.html,4K-8K/月,东莞市大岭山昂翔培训中心,广东-东莞,2019/07/17,不限/大专以上
英语教师,/jobs_view_327678.html,3K-6K/月,东莞市大岭山昂翔培训中心,广东-东莞,2019/07/17,不限/大专以上
幼儿英语教师,/jobs_view_327680.html,4K-8K/月,东莞市大岭山昂翔培训中心,广东-东莞,2019/07/17,不限/大专以上
幼少儿英语教师,/jobs_view_464848.html,8K-10K/月,无锡艾菁,江苏-无锡,2019/07/17,一年以上/大学本科以上
少儿英语教师,/jobs_view_464847.html,8K-10K/月,无锡艾菁,江苏-无锡,2019/07/17,一年以上/大学本科以上
急招幼少儿英语教师,/jobs_view_465966.html,4K-8K/月,湖南美林森教育咨询有限公司,湖南-长沙,2019/07/17,不限/大专以上
诚聘少儿英语教师,/jobs_view_465961.html,4K-8K/月,湖南美林森教育咨询有限公司,湖南-长沙,2019/07/17,不限/大专以上
幼少儿英语教师,/jobs_view_465965.html,4K-8K/月,湖南美林森教育咨询有限公司,湖南-长沙,2019/07/17,不限/大专以上
少儿英语教师,/jobs_view_465958.html,4K-8K/月,湖南美林森教育咨询有限公司,湖南-长沙,2019/07/17,不限/大专以上
急招少儿英语教师,/jobs_view_465960.html,4K-8K/月,湖南美林森教育咨询有限公司,湖南-长沙,2019/07/17,不限/大专以上
诚聘幼少儿英语教师,/jobs_view_465967.html,4K-8K/月,湖南美林森教育咨询有限公司,湖南-长沙,2019/07/17,不限/大专以上
少儿英语教师+芝麻街英语郑州直营校,/jobs_view_444041.html,4K-8K/月,郑州市二七区芝麻街英语培训学校,河南-郑州,2019/07/17,不限/大专以上
急聘英语教师,/jobs_view_444043.html,6K-12K/月,郑州市二七区芝麻街英语培训学校,河南-郑州,2019/07/17,不限/大学本科以上
急聘少儿英语教师,/jobs_view_444045.html,6K-12K/月,郑州市二七区芝麻街英语培训学校,河南-郑州,2019/07/17,不限/大学本科以上
英语教师+双休+芝麻街英语,/jobs_view_444042.html,6K-12K/月,郑州市二七区芝麻街英语培训学校,河南-郑州,2019/07/17,不限/大学本科以上
高薪诚聘少儿英语教师+五险一金,/jobs_view_444046.html,6K-12K/月,郑州市二七区芝麻街英语培训学校,河南-郑州-二七区,2019/07/17,不限/大专以上
高薪诚聘英语教师,/jobs_view_444047.html,6K-12K/月,郑州市二七区芝麻街英语培训学校,河南-郑州,2019/07/17,不限/大学本科以上
高级英语教师（盐田）,/jobs_view_439121.html,8K-12K/月,深圳市泽恩兄弟文化传播有限公司,广东-深圳-盐田区,2019/07/12,不限/大学本科以上
幼少儿英语教师（盐田）,/jobs_view_439120.html,6K-12K/月,深圳市泽恩兄弟文化传播有限公司,广东-深圳-盐田区,2019/07/12,不限/大学本科以上
幼少儿英语教师（福田）,/jobs_view_441751.html,6K-8K/月,深圳市泽恩兄弟文化传播有限公司,广东-深圳-福田区,2019/07/12,不限/大学本科以上
高级英语教师（南山）,/jobs_view_441754.html,8K-10K/月,深圳市泽恩兄弟文化传播有限公司,广东-深圳-南山区,2019/07/12,不限/大学本科以上
幼少儿英语老师（南山）,/jobs_view_441749.html,6K-8K/月,深圳市泽恩兄弟文化传播有限公司,广东-深圳-南山区,2019/07/12,不限/大学本科以上
高级英语老师（福田）,/jobs_view_441755.html,8K-10K/月,深圳市泽恩兄弟文化传播有限公司,广东-深圳-福田区,2019/07/12,不限/大学本科以上
急聘新概念英语教师（兼职）,/jobs_view_427919.html,6K-8K/月,上海飞儿艺术培训学校,上海-嘉定区,2019/07/08,三年以上/大学本科以上
急聘新概念英语教师,/jobs_view_427918.html,6K-8K/月,上海飞儿艺术培训学校,上海-嘉定区,2019/07/08,三年以上/大学本科以上
英语老师,/jobs_view_451083.html,5K-10K/月,誉德盈教育培训有限公司,广东-深圳-宝安区,2019/07/07,一年以上/不限
少儿英语老师,/jobs_view_429584.html,6K-10K/月,北京蜜语甜园教育科技有限公司,北京-石景山区,2019/07/07,一年以上/大专
全职少儿英语老师,/jobs_view_429592.html,6K-10K/月,北京蜜语甜园教育科技有限公司,北京-石景山区,2019/07/07,一年以上/大专
少儿英语教师（储备）,/jobs_view_427806.html,5K-10K/月,上海虹口区星源文化艺术专修学校,上海-虹口区,2019/07/04,不限/大学本科以上
新概念英语教师,/jobs_view_460491.html,6K-8K/月,南京睿敏教育咨询有限公司,江苏-南京,2019/07/04,不限/大专以上
少儿英语教师,/jobs_view_460487.html,6K-8K/月,南京睿敏教育咨询有限公司,江苏-南京,2019/07/04,不限/大专以上
成人英语口语老师（马上上岗）,/jobs_view_459178.html,8K-10K/月,广州市美联教育科技有限公司,广东-广州,2019/07/03,不限/大学本科以上
成人英语口语教师,/jobs_view_459172.html,8K-10K/月,广州市美联教育科技有限公司,广东-广州,2019/07/03,不限/大学本科以上
急招成人英语口语老师,/jobs_view_459177.html,8K-10K/月,广州市美联教育科技有限公司,广东-广州,2019/07/03,不限/大学本科以上
急招成人英语老师,/jobs_view_459174.html,6K-10K/月,广州市美联教育科技有限公司,广东-广州,2019/07/03,不限/大学本科以上
成人英语老师（马上上岗）,/jobs_view_459180.html,6K-10K/月,广州市美联教育科技有限公司,广东-广州,2019/07/03,不限/大学本科以上
成人英语教师,/jobs_view_459171.html,6K-10K/月,广州市美联教育科技有限公司,广东-广州,2019/07/03,不限/大学本科以上
成人英语老师,/jobs_view_459173.html,6K-10K/月,广州市美联教育科技有限公司,广东-广州,2019/07/03,不限/大学本科以上
少儿英语老师,/jobs_view_459386.html,6K-10K/月,佛山市臻艺艺术咨询有限公司(冠强教育),广东-佛山,2019/07/03,不限/大专以上
少儿英语教师,/jobs_view_459387.html,6K-10K/月,佛山市臻艺艺术咨询有限公司(冠强教育),广东-佛山,2019/07/03,不限/大专以上
少儿英语教师,/jobs_view_433734.html,7K-13K/月,深圳市华盛顿教育文化有限公司,广东-深圳,2019/07/03,一年以上/大专以上
英语教师,/jobs_view_433737.html,7K-13K/月,深圳市华盛顿教育文化有限公司,广东-深圳,2019/07/03,一年以上/大专以上
青少儿英语教师,/jobs_view_433736.html,7K-13K/月,深圳市华盛顿教育文化有限公司,广东-深圳-龙华区,2019/07/03,一年以上/大专以上
英语培训师,/jobs_view_452443.html,5K-8K/月,昆山语之陆英语培训中心有限公司,江苏-苏州-昆山市,2019/07/03,应届毕业生/大专以上
英语老师,/jobs_view_452441.html,5K-8K/月,昆山语之陆英语培训中心有限公司,江苏-苏州-昆山市,2019/07/03,应届毕业生/大专以上
少儿英语老师,/jobs_view_392835.html,6K-12K/月,至美教育投资管理有限公司,陕西-西安-雁塔区,2019/07/03,两年以上/大专以上
急招少儿英语老师,/jobs_view_461888.html,6K-12K/月,至美教育投资管理有限公司,陕西-西安-雁塔区,2019/07/03,两年以上/大专以上
诚聘少儿英语老师,/jobs_view_461868.html,2.5K-5K/月,汤姆之家少儿英语,河北-邢台-新河县,2019/07/03,一年以上/大专以上
急招少儿英语教师,/jobs_view_461867.html,2.5K-5K/月,汤姆之家少儿英语,河北-邢台-新河县,2019/07/03,一年以上/大专以上
少儿英语老师,/jobs_view_408778.html,2.5K-5K/月,汤姆之家少儿英语,河北-邢台-新河县,2019/07/03,一年以上/大专以上
幼少儿英语老师,/jobs_view_407539.html,2.5K-5K/月,汤姆之家少儿英语,河北-邢台-新河县,2019/07/03,一年以上/大专以上
幼少儿英语教师,/jobs_view_184703.html,3K-6K/月,沈阳市阳光瑞博教育培训学校,辽宁-沈阳,2019/07/03,不限/大学本科以上
新概念英语教师,/jobs_view_183066.html,3K-6K/月,沈阳市阳光瑞博教育培训学校,辽宁-沈阳,2019/07/03,应届毕业生/大学本科以上
幼小衔接英语教师,/jobs_view_412982.html,3K-6K/月,武汉金海星教育科技有限公司武昌分公司,湖北-武汉-武昌区,2019/07/01,两年以上/大学本科以上
少儿英语老师,/jobs_view_413073.html,3K-6K/月,武汉金海星教育科技有限公司武昌分公司,湖北-武汉-武昌区,2019/07/01,两年以上/大学本科以上
少儿英语教师,/jobs_view_413336.html,3K-6K/月,武汉金海星教育科技有限公司武昌分公司,湖北-武汉-武昌区,2019/07/01,两年以上/大学本科以上
少儿英语老师,/jobs_view_424414.html,3K-6K/月,成都童萌时代教育科技有限责任公司,四川-成都-武侯区,2019/06/27,不限/大学本科以上
小学英语教师,/jobs_view_175433.html,6W-10W/年,广东省普宁市流沙第一实验小学,广东-揭阳-普宁市,2019/06/26,不限/大专以上
英语教师,/jobs_view_438491.html,8K-10K/月,深圳市术博教育信息咨询有限公司（聚能教育）,广东-深圳-南山区,2019/06/25,不限/不限以上
诚聘少儿英语教师,/jobs_view_448891.html,8.5K-15K/月,上海舞动美语培训,上海-徐汇区,2019/06/23,不限/大专以上
新概念英语老师,/jobs_view_457669.html,4.5K-6K/月,南京克莱曼教育科技有限公司,江苏-南京,2019/06/20,不限/大学本科以上
少儿英语教师,/jobs_view_457668.html,4.5K-6K/月,南京克莱曼教育科技有限公司,江苏-南京,2019/06/20,不限/大学本科以上
急招英语教师,/jobs_view_456275.html,4K-6K/月,深圳市加一文化传播有限公司,广东-深圳,2019/06/20,不限/大学本科以上
英语骨干教师,/jobs_view_456285.html,8K-10K/月,深圳市加一文化传播有限公司,广东-深圳,2019/06/20,两年以上/大学本科以上
英语教师,/jobs_view_456274.html,4K-6K/月,深圳市加一文化传播有限公司,广东-深圳,2019/06/20,不限/大学本科以上
诚聘英语教师,/jobs_view_456276.html,4K-6K/月,深圳市加一文化传播有限公司,广东-深圳,2019/06/20,不限/大学本科以上
少儿英语教师,/jobs_view_426620.html,6K-8K/月,北京霍加教育科技有限公司,北京-海淀区,2019/06/18,一年以上/大学本科以上
英语听说读写教师,/jobs_view_426038.html,10K-15K/月,新航道（北京）管理咨询有限公司,北京-海淀区,2019/06/18,两年以上/大学本科以上
急招少儿英语老师,/jobs_view_426583.html,3K-6K/月,西安汇华语言文化传播有限公司,陕西-西安-雁塔区,2019/06/18,一年以上/大学本科以上
少儿英语教师,/jobs_view_426259.html,3K-6K/月,西安汇华语言文化传播有限公司,陕西-西安,2019/06/18,不限/大专以上
少儿英语教师（储备）,/jobs_view_429033.html,6K-8K/月,孙瑞雪教育机构,北京-通州区,2019/06/18,一年以上/大学本科以上
英语教师,/jobs_view_427877.html,6K-10K/月,上海誉仁教育科技有限公司,上海-静安区,2019/06/18,不限/大学本科以上
剑桥英语老师,/jobs_view_429230.html,10K-15K/月,广州市新洲际语言培训中心,广东-广州,2019/06/18,一年以上/大学本科以上
少儿英语教师,/jobs_view_429167.html,6K-10K/月,北京丽兹蔻国际教育投资管理有限公司,北京-昌平区,2019/06/18,两年以上/大学本科以上
新概念英语教师,/jobs_view_429170.html,6K-10K/月,北京丽兹蔻国际教育投资管理有限公司,北京-昌平区,2019/06/18,两年以上/大学本科以上
英语教师,/jobs_view_429172.html,6K-10K/月,北京丽兹蔻国际教育投资管理有限公司,北京-昌平区,2019/06/18,两年以上/大学本科以上
少儿英语教师（储备）,/jobs_view_429039.html,6K-8K/月,北京睿能教育咨询有限责任公司,北京-通州区,2019/06/18,一年以上/大学本科以上
新概念英语教师（储备）,/jobs_view_429041.html,6K-8K/月,北京睿能教育咨询有限责任公司,北京-通州区,2019/06/18,一年以上/大学本科以上
基础英语教师（储备）,/jobs_view_429044.html,6K-8K/月,北京睿能教育咨询有限责任公司,北京-通州区,2019/06/18,一年以上/大学本科以上
少儿英语教师,/jobs_view_428179.html,4.5K-6K/月,上海莺燕文化传播有限公司,上海-嘉定区,2019/06/18,一年以上/大专以上
英语助教,/jobs_view_168195.html,2K-4K/月,广州市越秀区柏时企业管理咨询服务部,广东-广州,2019/06/18,不限/大专以上
代课英语教师,/jobs_view_428573.html,8K-10K/月,广州市越秀区柏时企业管理咨询服务部,广东-广州,2019/06/18,不限/大学本科以上
新概念英语教师,/jobs_view_428578.html,8K-10K/月,广州市越秀区柏时企业管理咨询服务部,广东-广州,2019/06/18,不限/大学本科以上
英语教师,/jobs_view_428719.html,6K-8K/月,广州市越秀区柏时企业管理咨询服务部,广东-广州,2019/06/18,一年以上/大学本科以上
新概念英语教师,/jobs_view_428829.html,6K-8K/月,东莞市虎门名秀英语培训中心,广东-广州,2019/06/18,不限/大学本科以上
成人英语教师,/jobs_view_428830.html,6K-8K/月,东莞市虎门名秀英语培训中心,广东-广州,2019/06/18,不限/大学本科以上
商务英语教师,/jobs_view_428831.html,6K-8K/月,东莞市虎门名秀英语培训中心,广东-广州,2019/06/18,不限/大学本科以上
雅思教师,/jobs_view_428832.html,6K-8K/月,东莞市虎门名秀英语培训中心,广东-广州,2019/06/18,不限/大学本科以上
托福教师,/jobs_view_428833.html,6K-8K/月,东莞市虎门名秀英语培训中心,广东-广州,2019/06/18,不限/大学本科以上
基础英语教师,/jobs_view_428835.html,6K-8K/月,东莞市虎门名秀英语培训中心,广东-广州,2019/06/18,不限/大学本科以上
少儿英语教师,/jobs_view_430059.html,8W-15W/年,上海墨年教育科技有限公司,上海-浦东新区,2019/06/18,不限/大学本科以上
少儿英语教师,/jobs_view_430076.html,8K-12K/月,上海英闪教育科技有限公司,上海,2019/06/18,一年以上/大学本科
英语教师（实习）,/jobs_view_430081.html,2.5K-3.5K/月,上海英闪教育科技有限公司,上海,2019/06/18,一年以上/大学本科以上
睿丁英语少儿英语教师,/jobs_view_429647.html,6K-9K/月,北京佰司特乐巽教育咨询有限公司,北京-通州区,2019/06/18,不限/不限以上
少儿英语教师,/jobs_view_429807.html,10K-16K/月,北京沃德启点教育咨询有限公司,北京-房山区,2019/06/18,一年以上/大专以上
英语助教,/jobs_view_429809.html,6K-12K/月,北京沃德启点教育咨询有限公司,北京-房山区,2019/06/18,一年以上/大专以上
新概念英语教师,/jobs_view_429810.html,10K-16K/月,北京沃德启点教育咨询有限公司,北京-房山区,2019/06/18,一年以上/大专以上
英语助教,/jobs_view_430062.html,8K-10K/月,上海蹊晶教育科技有限公司,上海-金山区,2019/06/18,不限/大学本科以上
少儿英语教师,/jobs_view_430063.html,8K-10K/月,上海蹊晶教育科技有限公司,上海-金山区,2019/06/18,不限/大学本科以上
新概念英语教师,/jobs_view_430582.html,8K-10K/月,上海鹤学文化传播有限公司,上海-浦东新区,2019/06/18,不限/大学本科以上
少儿英语教师,/jobs_view_430605.html,12K-22K/月,金源盖德文化交流（北京）有限公司,北京,2019/06/18,不限/大学本科以上
少儿英语助教,/jobs_view_430606.html,5K-6.5K/月,金源盖德文化交流（北京）有限公司,北京,2019/06/18,不限/大专以上
新概念英语教师,/jobs_view_430607.html,12K-22K/月,金源盖德文化交流（北京）有限公司,北京,2019/06/18,不限/大学本科以上
少儿英语教师,/jobs_view_430672.html,6K-8K/月,上海捷晓文化传媒有限责任公司,上海,2019/06/18,三年以上/大学本科以上
新概念英语教师,/jobs_view_430675.html,6K-8K/月,上海捷晓文化传媒有限责任公司,上海,2019/06/18,三年以上/大专以上
少儿英语教师,/jobs_view_432881.html,5K-8K/月,深圳市李阳教育咨询有限公司,广东-深圳,2019/06/18,不限/大专以上
新概念英语教师,/jobs_view_432882.html,5K-8K/月,深圳市李阳教育咨询有限公司,广东-深圳,2019/06/18,不限/大专以上
英语教师,/jobs_view_432883.html,5K-8K/月,深圳市李阳教育咨询有限公司,广东-深圳,2019/06/18,不限/大专以上
新概念英语教师,/jobs_view_448090.html,7K-8K/月,广州市博师教育信息咨询有限公司,广东-广州-越秀区,2019/06/18,应届毕业生/不限
中学英语教师,/jobs_view_448086.html,7K-8K/月,广州市博师教育信息咨询有限公司,广东-广州-越秀区,2019/06/18,应届毕业生/不限
少儿英语教师,/jobs_view_434790.html,8K-10K/月,深圳市通达教育科技有限公司,广东-深圳,2019/06/18,一年以上/大学本科以上
英语教师,/jobs_view_434791.html,8K-10K/月,深圳市通达教育科技有限公司,广东-深圳,2019/06/18,一年以上/大学本科以上
急聘少儿英语教师,/jobs_view_434792.html,8K-10K/月,深圳市通达教育科技有限公司,广东-深圳,2019/06/18,一年以上/大学本科以上
少儿英语老师,/jobs_view_434793.html,8K-10K/月,深圳市通达教育科技有限公司,广东-深圳,2019/06/18,一年以上/大学本科以上
急聘少儿英语老师,/jobs_view_434794.html,8K-10K/月,深圳市通达教育科技有限公司,广东-深圳,2019/06/18,一年以上/大学本科以上
高薪诚聘少儿英语教师,/jobs_view_434795.html,8K-10K/月,深圳市通达教育科技有限公司,广东-深圳,2019/06/18,一年以上/大学本科以上
高薪诚聘少儿英语老师,/jobs_view_434796.html,8K-10K/月,深圳市通达教育科技有限公司,广东-深圳,2019/06/18,一年以上/大学本科以上
少儿英语教师（可实习）,/jobs_view_436276.html,3K-6K/月,重庆南岸美昂培训学校,重庆-南岸区,2019/06/18,不限/大专以上
少儿英语教师,/jobs_view_435467.html,8K-15K/月,北京爱加壹国际教育科技有限公司,北京-大兴区,2019/06/18,一年以上/不限
少儿英语老师,/jobs_view_435468.html,8K-15K/月,北京爱加壹国际教育科技有限公司,北京-大兴区,2019/06/18,一年以上/不限
急聘少儿英语教师,/jobs_view_435469.html,8K-15K/月,北京爱加壹国际教育科技有限公司,北京-大兴区,2019/06/18,一年以上/不限
急聘少儿英语老师,/jobs_view_435470.html,8K-15K/月,北京爱加壹国际教育科技有限公司,北京-大兴区,2019/06/18,一年以上/不限
少儿英语教师,/jobs_view_436341.html,8K-10K/月,上海赢鼎教育培训有限公司,上海-浦东新区,2019/06/18,一年以上/大专以上
少儿口语类英语教师,/jobs_view_436342.html,8K-10K/月,上海赢鼎教育培训有限公司,上海-浦东新区,2019/06/18,一年以上/大专以上
英语教师,/jobs_view_436343.html,8K-10K/月,上海赢鼎教育培训有限公司,上海-浦东新区,2019/06/18,一年以上/大专以上
英语助教,/jobs_view_436344.html,8K-10K/月,上海赢鼎教育培训有限公司,上海-浦东新区,2019/06/18,一年以上/大专以上
少儿英语教师教学主管,/jobs_view_436386.html,8K-10K/月,苏州工业园区星体培训中心有限公司,江苏-苏州,2019/06/18,三年以上/大学本科以上
少儿英语教师,/jobs_view_436387.html,5K-9K/月,苏州工业园区星体培训中心有限公司,江苏-苏州,2019/06/18,不限/大学本科以上
新概念英语教师,/jobs_view_438093.html,6K-8K/月,宁波优正教育科技有限公司,浙江-宁波,2019/06/18,不限/不限以上
英语教师,/jobs_view_437364.html,5K-8K/月,北京华庆未来管理咨询有限公司,北京-顺义区,2019/06/18,不限/大专以上
少儿英语教师,/jobs_view_437365.html,5K-8K/月,北京华庆未来管理咨询有限公司,北京-顺义区,2019/06/18,不限/大专以上
急聘少儿英语教师,/jobs_view_437366.html,5K-8K/月,北京华庆未来管理咨询有限公司,北京-顺义区,2019/06/18,不限/大专以上
急招少儿英语教师,/jobs_view_437367.html,5K-8K/月,北京华庆未来管理咨询有限公司,北京-顺义区,2019/06/18,不限/大专以上
高薪诚聘少儿英语教师,/jobs_view_437368.html,5K-8K/月,北京华庆未来管理咨询有限公司,北京-顺义区,2019/06/18,不限/大专以上
英语老师（北京）,/jobs_view_437738.html,6K-12K/月,北京百特新语文化传播有限公司,北京,2019/06/18,不限/大学本科以上
少儿英语教师,/jobs_view_439269.html,8K-15K/月,深圳市青蓝紫文化艺术发展有限公司,广东-深圳,2019/06/18,两年以上/大专以上
少儿英语老师,/jobs_view_439270.html,8K-15K/月,深圳市青蓝紫文化艺术发展有限公司,广东-深圳,2019/06/18,两年以上/大专以上
英语老师,/jobs_view_439271.html,8K-15K/月,深圳市青蓝紫文化艺术发展有限公司,广东-深圳,2019/06/18,两年以上/大专以上
英语教师,/jobs_view_439272.html,8K-15K/月,深圳市青蓝紫文化艺术发展有限公司,广东-深圳,2019/06/18,两年以上/大专以上
急聘少儿英语教师,/jobs_view_439273.html,8K-15K/月,深圳市青蓝紫文化艺术发展有限公司,广东-深圳,2019/06/18,两年以上/大专以上
急聘少儿英语老师,/jobs_view_439274.html,8K-15K/月,深圳市青蓝紫文化艺术发展有限公司,广东-深圳,2019/06/18,两年以上/大专以上
急聘英语教师,/jobs_view_439275.html,8K-15K/月,深圳市青蓝紫文化艺术发展有限公司,广东-深圳,2019/06/18,两年以上/大专以上
少儿英语教师,/jobs_view_440019.html,5K-10K/月,北京兴瑞和教育咨询有限公司,北京-朝阳区,2019/06/18,不限/大专以上
少儿英语老师,/jobs_view_440020.html,5K-10K/月,北京兴瑞和教育咨询有限公司,北京-朝阳区,2019/06/18,不限/大专以上
急聘少儿英语老师,/jobs_view_440021.html,5K-10K/月,北京兴瑞和教育咨询有限公司,北京-朝阳区,2019/06/18,不限/大专以上
急聘少儿英语教师,/jobs_view_440022.html,5K-10K/月,北京兴瑞和教育咨询有限公司,北京-朝阳区,2019/06/18,不限/大专以上
高薪诚聘少儿英语教师,/jobs_view_440023.html,5K-10K/月,北京兴瑞和教育咨询有限公司,北京-朝阳区,2019/06/18,不限/大专以上
高薪诚聘少儿英语老师,/jobs_view_440024.html,5K-10K/月,北京兴瑞和教育咨询有限公司,北京-朝阳区,2019/06/18,不限/大专以上
英语教师,/jobs_view_440025.html,5K-10K/月,北京兴瑞和教育咨询有限公司,北京-朝阳区,2019/06/18,不限/大专以上
少儿英语教师,/jobs_view_441076.html,5K-10K/月,武汉英格风教育咨询有限公司,湖北-武汉,2019/06/18,不限/大学本科以上
少儿英语教师（实习）,/jobs_view_441087.html,3K-5K/月,武汉英格风教育咨询有限公司,湖北-武汉,2019/06/18,不限/大学本科以上
少儿英语教师,/jobs_view_441203.html,3K-6K/月,上海一指教育信息咨询有限公司,上海-杨浦区,2019/06/18,不限/大学本科以上
少儿英语教师,/jobs_view_441438.html,6K-8K/月,成都市纹溢教育咨询有限公司,四川-成都,2019/06/18,一年以上/大学本科以上
少儿英语老师助教,/jobs_view_441439.html,3K-5K/月,成都市纹溢教育咨询有限公司,四川-成都,2019/06/18,不限/大专以上
少儿英语老师,/jobs_view_441440.html,6K-8K/月,成都市纹溢教育咨询有限公司,四川-成都,2019/06/18,一年以上/大学本科以上
急聘少儿英语教师助教,/jobs_view_441441.html,3K-5K/月,成都市纹溢教育咨询有限公司,四川-成都,2019/06/18,不限/大专以上
急聘少儿英语教师,/jobs_view_441442.html,6K-8K/月,成都市纹溢教育咨询有限公司,四川-成都,2019/06/18,一年以上/大学本科以上
少儿英语教师助教,/jobs_view_441437.html,3K-5K/月,成都市纹溢教育咨询有限公司,四川-成都,2019/06/18,不限/大专以上
新概念英语教师,/jobs_view_441660.html,8K-12K/月,上海泽钰教育培训有限公司,上海,2019/06/18,不限/大专以上
急聘英语教师（口语类）,/jobs_view_442759.html,8K-15K/月,上海言盛文化传播有限公司,上海-普陀区,2019/06/18,不限/不限
急聘英语教师,/jobs_view_442760.html,8K-15K/月,上海言盛文化传播有限公司,上海-普陀区,2019/06/18,不限/不限
英语教师,/jobs_view_442749.html,8K-15K/月,上海言盛文化传播有限公司,上海-普陀区,2019/06/18,不限/不限
英语教师（口语类）,/jobs_view_442756.html,8K-15K/月,上海言盛文化传播有限公司,上海-普陀区,2019/06/18,不限/不限
商务英语教师,/jobs_view_442751.html,8K-15K/月,上海言盛文化传播有限公司,上海-普陀区,2019/06/18,不限/不限
少儿英语班主任,/jobs_view_271098.html,6K-12K/月,励步国际少儿教育广州分校,广东-广州,2019/06/18,两年以上/大专以上
少儿英语教师,/jobs_view_271101.html,6K-12K/月,励步国际少儿教育广州分校,广东-广州,2019/06/18,两年以上/大学本科以上
少儿英语教师,/jobs_view_443690.html,6K-10K/月,深圳市狮王教育培训中心,广东-深圳,2019/06/18,一年以上/大专以上
高薪诚聘少儿英语教师,/jobs_view_443691.html,6K-10K/月,深圳市狮王教育培训中心,广东-深圳,2019/06/18,一年以上/大专以上
急聘少儿英语教师,/jobs_view_443693.html,6K-10K/月,深圳市狮王教育培训中心,广东-深圳,2019/06/18,一年以上/大专以上
少儿英语教师,/jobs_view_445034.html,5K-10K/月,武汉北美伯恩教育科技有限公司,湖北-武汉,2019/06/18,不限/大学本科以上
英语教师,/jobs_view_445037.html,5K-10K/月,武汉北美伯恩教育科技有限公司,湖北-武汉,2019/06/18,不限/大学本科以上
高薪诚聘少儿英语教师,/jobs_view_445038.html,5K-10K/月,武汉北美伯恩教育科技有限公司,湖北-武汉,2019/06/18,不限/大学本科以上
急聘少儿英语教师,/jobs_view_445039.html,5K-10K/月,武汉北美伯恩教育科技有限公司,湖北-武汉,2019/06/18,不限/大学本科以上
少儿英语老师,/jobs_view_406799.html,3K-6K/月,重庆爱唯希教育信息咨询服务有限公司,重庆-渝北区,2019/06/18,不限/大学本科
少儿英语教师,/jobs_view_419721.html,3K-6K/月,重庆爱唯希教育信息咨询服务有限公司,重庆-渝北区,2019/06/18,不限/大学本科
高薪诚聘少儿英语老师,/jobs_view_419722.html,3K-6K/月,重庆爱唯希教育信息咨询服务有限公司,重庆-渝北区,2019/06/18,不限/大学本科
少儿英语教师,/jobs_view_444978.html,5K-10K/月,重庆海培文化传播有限公司,重庆-渝北区,2019/06/18,一年以上/大专以上
少儿英语教师,/jobs_view_444577.html,3K-6K/月,成华区漠洲教育咨询服务部,四川-成都,2019/06/18,不限/大专以上
英语教师,/jobs_view_444578.html,3K-6K/月,成华区漠洲教育咨询服务部,四川-成都,2019/06/18,不限/大专以上
英语助教,/jobs_view_444579.html,3K-6K/月,成华区漠洲教育咨询服务部,四川-成都,2019/06/18,不限/大专以上
少儿英语老师,/jobs_view_418993.html,4K-8K/月,云南予能教育信息咨询有限公司,云南-昆明-西山区,2019/06/18,不限/大专以上
少儿英语教师,/jobs_view_445919.html,7K-10K/月,深圳市乐思文化传播咨询有限公司,广东-深圳,2019/06/18,一年以上/大专以上
英语教师,/jobs_view_445924.html,7K-10K/月,深圳市乐思文化传播咨询有限公司,广东-深圳,2019/06/18,一年以上/大专以上
英语老师,/jobs_view_407732.html,4K-8K/月,苏州快乐脑信息技术有限公司（大脑地图）,江苏-苏州-吴中区,2019/06/18,不限/大专
小学英语老师,/jobs_view_407734.html,4K-8K/月,苏州快乐脑信息技术有限公司（大脑地图）,江苏-苏州-吴中区,2019/06/18,不限/大专
园区少儿英语老师,/jobs_view_408460.html,4K-8K/月,苏州快乐脑信息技术有限公司（大脑地图）,江苏-苏州-吴中区,2019/06/18,不限/大专
英语班主任,/jobs_view_433443.html,4K-8K/月,徐州乐蒂教育发展有限公司,江苏-徐州,2019/06/18,不限/大学本科以上
少儿英语教师,/jobs_view_446662.html,4K-8K/月,徐州乐蒂教育发展有限公司,江苏-徐州,2019/06/18,不限/大学本科以上
英语老师,/jobs_view_446665.html,4K-8K/月,徐州乐蒂教育发展有限公司,江苏-徐州,2019/06/18,不限/大学本科以上
少儿段英语老师,/jobs_view_419267.html,5K-10K/月,东莞市启英乐教育科技有限公司（SK英国皇家少儿英语）,广东-东莞,2019/06/18,一年以上/大学本科
少儿英语老师,/jobs_view_419585.html,5K-10K/月,东莞市启英乐教育科技有限公司（SK英国皇家少儿英语）,广东-东莞,2019/06/18,一年以上/大学本科
少儿英语老师/助教,/jobs_view_420368.html,3K-6K/月,四川爱瑞贝教育咨询有限公司（爱贝国际少儿英语卓锦城中心）,四川-成都-锦江区,2019/06/18,不限/大专
少儿英语老师,/jobs_view_420931.html,3K-6K/月,四川爱瑞贝教育咨询有限公司（爱贝国际少儿英语卓锦城中心）,四川-成都-锦江区,2019/06/18,不限/大专以上
少儿英语（助教）,/jobs_view_420932.html,3K-6K/月,四川爱瑞贝教育咨询有限公司（爱贝国际少儿英语卓锦城中心）,四川-成都-锦江区,2019/06/18,不限/大专
少儿英语教师,/jobs_view_446628.html,4K-8K/月,湖州南浔贝肯教育培训学校有限公司,浙江-湖州-南浔区,2019/06/18,不限/大学本科以上
少儿英语教师,/jobs_view_447098.html,5K-8K/月,杭州爱齐乐教育咨询有限公司 ,浙江-杭州,2019/06/18,一年以上/大学本科以上
少儿英语老师,/jobs_view_447099.html,5K-8K/月,杭州爱齐乐教育咨询有限公司 ,浙江-杭州,2019/06/18,一年以上/大学本科以上
急招少儿英语老师,/jobs_view_447100.html,5K-8K/月,杭州爱齐乐教育咨询有限公司 ,浙江-杭州,2019/06/18,一年以上/大学本科以上
急招少儿英语教师,/jobs_view_447101.html,5K-8K/月,杭州爱齐乐教育咨询有限公司 ,浙江-杭州,2019/06/18,一年以上/大学本科以上
英语教师,/jobs_view_447102.html,5K-8K/月,杭州爱齐乐教育咨询有限公司 ,浙江-杭州,2019/06/18,一年以上/大学本科以上
少儿英语教师,/jobs_view_447113.html,4K-6K/月,太原安东尼教育科技有限公司,山西-太原,2019/06/18,不限/大专以上
少儿英语老师,/jobs_view_447114.html,4K-6K/月,太原安东尼教育科技有限公司,山西-太原,2019/06/18,不限/大专以上
急招少儿英语老师,/jobs_view_447115.html,4K-6K/月,太原安东尼教育科技有限公司,山西-太原,2019/06/18,不限/大专以上
急招少儿英语教师,/jobs_view_447116.html,4K-6K/月,太原安东尼教育科技有限公司,山西-太原,2019/06/18,不限/大专以上
少儿英语老师,/jobs_view_406185.html,6K-8K/月,魔奇英语学校,福建-福州-鼓楼区,2019/06/18,不限/大专以上
少儿英语教师,/jobs_view_448123.html,6K-8K/月,魔奇英语学校,福建-福州-鼓楼区,2019/06/18,不限/大专以上
急招少儿英语教师,/jobs_view_448124.html,6K-8K/月,魔奇英语学校,福建-福州-鼓楼区,2019/06/18,不限/大专以上
诚聘少儿英语教师,/jobs_view_448125.html,6K-8K/月,魔奇英语学校,福建-福州-鼓楼区,2019/06/18,不限/大专以上
高薪诚聘幼少儿英语教师,/jobs_view_428720.html,3K-6K/月,椒江乔登美语培训学校,浙江-台州-椒江区,2019/06/18,不限/不限
少儿英语教师五险,/jobs_view_449447.html,3K-6K/月,椒江乔登美语培训学校,浙江-台州-椒江区,2019/06/18,不限/不限
英语教师,/jobs_view_449092.html,6K-12K/月,中山市阿布达拉教育培训中心,广东-中山,2019/06/18,不限/大学本科
少儿英语老师,/jobs_view_449088.html,6K-12K/月,中山市阿布达拉教育培训中心,广东-中山,2019/06/18,不限/大学本科
急招少儿英语老师,/jobs_view_449089.html,6K-12K/月,中山市阿布达拉教育培训中心,广东-中山,2019/06/18,不限/大学本科
诚聘少儿英语教师,/jobs_view_449090.html,6K-12K/月,中山市阿布达拉教育培训中心,广东-中山,2019/06/18,不限/大学本科
少儿英语教师,/jobs_view_401395.html,6K-12K/月,中山市阿布达拉教育培训中心,广东-中山,2019/06/18,不限/大学本科
少儿英语教师,/jobs_view_449109.html,4K-6K/月,贵阳赛译思教育咨询有限公司,贵州-贵阳-息烽县,2019/06/18,不限/大专以上
急招少儿英语教师,/jobs_view_449110.html,4K-6K/月,贵阳赛译思教育咨询有限公司,贵州-贵阳-息烽县,2019/06/18,不限/大专以上
诚聘少儿英语教师,/jobs_view_449111.html,4K-6K/月,贵阳赛译思教育咨询有限公司,贵州-贵阳-息烽县,2019/06/18,不限/大专以上
少儿英语老师,/jobs_view_403899.html,5K-8K/月,无锡市凯西英语教育咨询有限公司,江苏-无锡-梁溪区,2019/06/18,一年以上/大学本科以上
英语助教,/jobs_view_403894.html,5K-8K/月,无锡市凯西英语教育咨询有限公司,江苏-无锡-梁溪区,2019/06/18,一年以上/大学本科以上
中学英语老师,/jobs_view_403895.html,5K-8K/月,无锡市凯西英语教育咨询有限公司,江苏-无锡-梁溪区,2019/06/18,一年以上/大学本科以上
少儿英语老师,/jobs_view_397364.html,7.5K-15K/月,纽带教育,北京-通州区,2019/06/18,不限/大学本科以上
市场经理,/jobs_view_396777.html,5K-10K/月,嘉兴市凯博课外培训学校有限公司（凯尔英语）,浙江-嘉兴-秀洲区,2019/06/18,不限/大专以上
课程顾问,/jobs_view_396779.html,4K-8K/月,嘉兴市凯博课外培训学校有限公司（凯尔英语）,浙江-嘉兴-秀洲区,2019/06/18,不限/大专以上
英语助教,/jobs_view_396783.html,3K-6K/月,嘉兴市凯博课外培训学校有限公司（凯尔英语）,浙江-嘉兴-秀洲区,2019/06/18,不限/大专以上
英语助教老师,/jobs_view_396784.html,4K-8K/月,嘉兴市凯博课外培训学校有限公司（凯尔英语）,浙江-嘉兴-秀洲区,2019/06/18,不限/大专以上
英语老师,/jobs_view_396741.html,4K-8K/月,嘉兴市凯博课外培训学校有限公司（凯尔英语）,浙江-嘉兴-秀洲区,2019/06/18,不限/大专
销售顾问,/jobs_view_396881.html,3K-6K/月,嘉兴市凯博课外培训学校有限公司（凯尔英语）,浙江-嘉兴-秀洲区,2019/06/18,不限/大专以上
少儿英语教师,/jobs_view_456031.html,10K-15K/月,深圳市罗湖区乔治亚教育培训中心,广东-深圳,2019/06/18,不限/不限
急招少儿英语教师,/jobs_view_456032.html,10K-15K/月,深圳市罗湖区乔治亚教育培训中心,广东-深圳,2019/06/18,不限/不限
诚聘少儿英语教师,/jobs_view_456033.html,10K-15K/月,深圳市罗湖区乔治亚教育培训中心,广东-深圳,2019/06/18,不限/不限
英语教师,/jobs_view_406429.html,4K-8K/月,惠州市惠城区格灵威教育培训中心,广东-惠州-惠城区,2019/06/14,不限/不限
英语助教,/jobs_view_406430.html,3K-4K/月,惠州市惠城区格灵威教育培训中心,广东-惠州-惠城区,2019/06/14,不限/不限
高薪诚聘英语教师,/jobs_view_408689.html,4K-8K/月,惠州市惠城区格灵威教育培训中心,广东-惠州,2019/06/14,一年以上/大专
诚聘英语助教,/jobs_view_408690.html,3K-4K/月,惠州市惠城区格灵威教育培训中心,广东-惠州-惠城区,2019/06/14,不限/大专
诚聘初中英语教师,/jobs_view_418617.html,4K-8K/月,惠州市惠城区格灵威教育培训中心,广东-惠州,2019/06/14,一年以上/大专
英语教师,/jobs_view_428723.html,3K-6K/月,常德市琳达教育培训学校,湖南-常德,2019/04/01,不限/不限
少儿英语老师,/jobs_view_428759.html,3K-6K/月,常德市琳达教育培训学校,湖南-常德,2019/04/01,不限/不限
小学英语老师,/jobs_view_428760.html,3K-6K/月,常德市琳达教育培训学校,湖南-常德,2019/04/01,不限/不限
初级英语老师,/jobs_view_428761.html,3K-6K/月,常德市琳达教育培训学校,湖南-常德,2019/04/01,不限/不限
幼儿英语老师,/jobs_view_428762.html,3K-6K/月,常德市琳达教育培训学校,湖南-常德,2019/04/01,不限/不限
英语老师,/jobs_view_412734.html,4.5K-8K/月,上海奉贤益师进修中心,上海-奉贤区,2019/03/26,不限/大学本科以上
